Texto,Label,Fonte,URL
Luiz Inacio Lula da Silva e o presidente da Republica Federativa do Brasil.,True,Planalto,https://www.gov.br/planalto/pt-br
Lula e o presidente do Brasil.,True,Planalto,https://www.gov.br/planalto/pt-br
O presidente da Republica e Luiz Inacio Lula da Silva.,True,Planalto,https://www.gov.br/planalto/pt-br
O Tribunal Superior Eleitoral organiza e fiscaliza o processo eleitoral brasileiro.,True,TSE,https://www.tse.jus.br/
A urna eletronica e usada pela Justica Eleitoral nas votacoes oficiais.,True,TSE,https://www.tse.jus.br/eleicoes/urna-eletronica
A urna e segura.,True,TSE,https://www.tse.jus.br/eleicoes/urna-eletronica/seguranca-da-urna
A urna eletronica e segura.,True,TSE,https://www.tse.jus.br/eleicoes/urna-eletronica/seguranca-da-urna
As urnas eletronicas sao seguras.,True,TSE,https://www.tse.jus.br/eleicoes/urna-eletronica/seguranca-da-urna
Bolsonaro esta preso.,True,Agencia Brasil,https://agenciabrasil.ebc.com.br/justica/noticia/2025-11/bolsonaro-e-preso-preventivamente-em-brasilia
bolsonaro esta preso,True,Agencia Brasil,https://agenciabrasil.ebc.com.br/justica/noticia/2025-11/bolsonaro-e-preso-preventivamente-em-brasilia
Jair Bolsonaro esta preso.,True,Agencia Brasil,https://agenciabrasil.ebc.com.br/justica/noticia/2025-11/bolsonaro-e-preso-preventivamente-em-brasilia
Bolsonaro esta em prisao domiciliar humanitaria.,True,Agencia Brasil,https://agenciabrasil.ebc.com.br/politica/noticia/2026-05/bolsonaro-e-internado-para-cirurgia-no-ombro-em-brasilia
Jair Bolsonaro levou uma facada durante a campanha eleitoral de 2018.,True,Agencia Brasil,https://agenciabrasil.ebc.com.br/justica/noticia/2025-11/bolsonaro-tem-crise-de-soluco-e-passa-por-atendimento-medico-na-prisao
Bolsonaro levou uma facada durante a campanha eleitoral de 2018.,True,Agencia Brasil,https://agenciabrasil.ebc.com.br/justica/noticia/2025-11/bolsonaro-tem-crise-de-soluco-e-passa-por-atendimento-medico-na-prisao
bolsonaro levou uma facada,True,Agencia Brasil,https://agenciabrasil.ebc.com.br/justica/noticia/2025-11/bolsonaro-tem-crise-de-soluco-e-passa-por-atendimento-medico-na-prisao
Jair Bolsonaro foi esfaqueado durante a campanha eleitoral de 2018.,True,Agencia Brasil,https://agenciabrasil.ebc.com.br/justica/noticia/2025-11/bolsonaro-tem-crise-de-soluco-e-passa-por-atendimento-medico-na-prisao
Bolsonaro foi esfaqueado.,True,Agencia Brasil,https://agenciabrasil.ebc.com.br/justica/noticia/2025-11/bolsonaro-tem-crise-de-soluco-e-passa-por-atendimento-medico-na-prisao
"Foram mais de 10 anos de um longo processo coletivo, sustentado pelos agentes da dança de todo o Brasil, mobilizados por sindicatos, associações e pelo Fórum Nacional de Dança (FND), que há duas décadas atua nesta construção.",True,Fonte oficial,https://www.gov.br/cultura/pt-br/assuntos/noticias/lei-da-danca-e-sancionada-pelo-presidente-luiz-inacio-lula-da-silva
"No encontro, as autoridades debateram a realização da Copa do Mundo Feminina de Futebol de 2027, que será disputada no Brasil entre 24 de junho e 25 de julho, por 32 seleções, em oito cidades brasileiras.",True,Fonte oficial,https://www.gov.br/esporte/pt-br/noticias-e-conteudos/esporte/ao-lado-do-presidente-lula-ministro-do-esporte-se-reune-com-presidentes-da-fifa-e-cbf-para-debater-a-copa-do-mundo-feminina-2027
"Após a reunião com o presidente Lula e o ministro do Esporte, André Fufuca, Gianni Infantino, Samir Xaud e Carlo Ancelotti demonstraram confiança de que o Brasil realizará, em 2027, a melhor edição de todos os tempos da Copa do Mundo Feminina de Futebol.",True,Fonte oficial,https://www.gov.br/esporte/pt-br/noticias-e-conteudos/esporte/ao-lado-do-presidente-lula-ministro-do-esporte-se-reune-com-presidentes-da-fifa-e-cbf-para-debater-a-copa-do-mundo-feminina-2027
"O evento, cuja marca oficial foi apresentada neste domingo (25/1), no Rio de Janeiro, será disputado em oito cidades brasileiras, entre 24 de junho e 25 de julho do ano que vem.",True,Fonte oficial,https://www.gov.br/esporte/pt-br/noticias-e-conteudos/esporte/ao-lado-do-presidente-lula-ministro-do-esporte-se-reune-com-presidentes-da-fifa-e-cbf-para-debater-a-copa-do-mundo-feminina-2027
"“Falamos de futebol, do Mundial Feminino Brasil 2027.",True,Fonte oficial,https://www.gov.br/esporte/pt-br/noticias-e-conteudos/esporte/ao-lado-do-presidente-lula-ministro-do-esporte-se-reune-com-presidentes-da-fifa-e-cbf-para-debater-a-copa-do-mundo-feminina-2027
"Trabalhamos juntos, CBF, FIFA, governo, para que seja um sucesso.",True,Fonte oficial,https://www.gov.br/esporte/pt-br/noticias-e-conteudos/esporte/ao-lado-do-presidente-lula-ministro-do-esporte-se-reune-com-presidentes-da-fifa-e-cbf-para-debater-a-copa-do-mundo-feminina-2027
"“Que todos estejam com a FIFA, com a CBF, com o Governo do Brasil para apoiar as mulheres e o futebol feminino.",True,Fonte oficial,https://www.gov.br/esporte/pt-br/noticias-e-conteudos/esporte/ao-lado-do-presidente-lula-ministro-do-esporte-se-reune-com-presidentes-da-fifa-e-cbf-para-debater-a-copa-do-mundo-feminina-2027
"DIVISOR DE ÁGUAS – Para o presidente da CBF, o Mundial de 2027 será um marco para o futebol feminino brasileiro e da América do Sul.",True,Fonte oficial,https://www.gov.br/esporte/pt-br/noticias-e-conteudos/esporte/ao-lado-do-presidente-lula-ministro-do-esporte-se-reune-com-presidentes-da-fifa-e-cbf-para-debater-a-copa-do-mundo-feminina-2027
“A gente está vivendo um momento ímpar com esse grande evento que vai ter no Brasil.,True,Fonte oficial,https://www.gov.br/esporte/pt-br/noticias-e-conteudos/esporte/ao-lado-do-presidente-lula-ministro-do-esporte-se-reune-com-presidentes-da-fifa-e-cbf-para-debater-a-copa-do-mundo-feminina-2027
"E a gente está aqui, com o presidente Infantino, que apoia 100% o evento.",True,Fonte oficial,https://www.gov.br/esporte/pt-br/noticias-e-conteudos/esporte/ao-lado-do-presidente-lula-ministro-do-esporte-se-reune-com-presidentes-da-fifa-e-cbf-para-debater-a-copa-do-mundo-feminina-2027
"Estamos todos juntos: FIFA, CBF, Governo do Brasil, para a gente trazer e fazer a melhor Copa do Mundo.",True,Fonte oficial,https://www.gov.br/esporte/pt-br/noticias-e-conteudos/esporte/ao-lado-do-presidente-lula-ministro-do-esporte-se-reune-com-presidentes-da-fifa-e-cbf-para-debater-a-copa-do-mundo-feminina-2027
"E deixar a Copa do Mundo aqui no Brasil”, destacou Samir Xaud.",True,Fonte oficial,https://www.gov.br/esporte/pt-br/noticias-e-conteudos/esporte/ao-lado-do-presidente-lula-ministro-do-esporte-se-reune-com-presidentes-da-fifa-e-cbf-para-debater-a-copa-do-mundo-feminina-2027
"MUNDIAL DE CLUBES 2029 – Apesar de ressaltar que este tema não foi debatido no encontro com o presidente Lula, Samir Xaud confirmou que o Brasil irá trabalhar para tentar trazer ao país a Copa do Mundo de Clubes, em 2029.",True,Fonte oficial,https://www.gov.br/esporte/pt-br/noticias-e-conteudos/esporte/ao-lado-do-presidente-lula-ministro-do-esporte-se-reune-com-presidentes-da-fifa-e-cbf-para-debater-a-copa-do-mundo-feminina-2027
A gente acredita que o Brasil está apto a receber esse evento grandioso.,True,Fonte oficial,https://www.gov.br/esporte/pt-br/noticias-e-conteudos/esporte/ao-lado-do-presidente-lula-ministro-do-esporte-se-reune-com-presidentes-da-fifa-e-cbf-para-debater-a-copa-do-mundo-feminina-2027
"Mas o Brasil vai sim colocar sua candidatura para 2029”, definiu.",True,Fonte oficial,https://www.gov.br/esporte/pt-br/noticias-e-conteudos/esporte/ao-lado-do-presidente-lula-ministro-do-esporte-se-reune-com-presidentes-da-fifa-e-cbf-para-debater-a-copa-do-mundo-feminina-2027
"Entre os empossados, destaque para a primeira diretoria da recém-criada Autoridade Nacional de Segurança Nuclear (ANSN), marco histórico para o setor nuclear brasileiro.",True,Fonte oficial,https://www.gov.br/ird/pt-br/assuntos/noticias/noticias-2025/presidente-lula-da-posse-a-primeira-diretoria-da-ansn-em-cerimonia-no-palacio-do-planalto
"A nova diretoria é composta por Alessandro Facure Neves de Salles Soares, diretor‑Presidente da ANSN; Lorena Pozzo, diretora de Instalações Radioativas e Controle; e Ailton Fernando Dias, diretor de Instalações Nucleares e Salvaguardas.",True,Fonte oficial,https://www.gov.br/ird/pt-br/assuntos/noticias/noticias-2025/presidente-lula-da-posse-a-primeira-diretoria-da-ansn-em-cerimonia-no-palacio-do-planalto
"A ANSN nasce com a missão de zelar pela segurança nuclear e radiológica no Brasil, assumindo o papel regulador que antes era desempenhado pela Comissão Nacional de Energia Nuclear (CNEN).",True,Fonte oficial,https://www.gov.br/ird/pt-br/assuntos/noticias/noticias-2025/presidente-lula-da-posse-a-primeira-diretoria-da-ansn-em-cerimonia-no-palacio-do-planalto
"Na cerimônia, o presidente Lula ressaltou a importância do fortalecimento das agências reguladoras como instrumentos do Estado para assegurar qualidade de serviços, proteção da população e estímulo ao desenvolvimento sustentável.",True,Fonte oficial,https://www.gov.br/ird/pt-br/assuntos/noticias/noticias-2025/presidente-lula-da-posse-a-primeira-diretoria-da-ansn-em-cerimonia-no-palacio-do-planalto
"Já o presidente do Senado, Davi Alcolumbre, lembrou que a aprovação da ANSN pelo Congresso Nacional representou um consenso em torno da necessidade de modernizar a governança do setor.",True,Fonte oficial,https://www.gov.br/ird/pt-br/assuntos/noticias/noticias-2025/presidente-lula-da-posse-a-primeira-diretoria-da-ansn-em-cerimonia-no-palacio-do-planalto
"A posse da primeira diretoria da ANSN simboliza uma nova fase para o Brasil, alinhando o país às melhores práticas internacionais na regulação nuclear e fortalecendo a credibilidade técnica e a transparência institucional.",True,Fonte oficial,https://www.gov.br/ird/pt-br/assuntos/noticias/noticias-2025/presidente-lula-da-posse-a-primeira-diretoria-da-ansn-em-cerimonia-no-palacio-do-planalto
"Para Alessandro Facure, diretor-Presidente da ANSN, a criação da Autoridade representa um marco de amadurecimento institucional do Estado brasileiro.",True,Fonte oficial,https://www.gov.br/ird/pt-br/assuntos/noticias/noticias-2025/presidente-lula-da-posse-a-primeira-diretoria-da-ansn-em-cerimonia-no-palacio-do-planalto
"Nosso compromisso é oferecer previsibilidade regulatória, fortalecer a credibilidade do Brasil no cenário internacional e, sobretudo, assegurar que o uso da tecnologia nuclear traga benefícios concretos e seguros à população brasileira”, afirmou Facure.",True,Fonte oficial,https://www.gov.br/ird/pt-br/assuntos/noticias/noticias-2025/presidente-lula-da-posse-a-primeira-diretoria-da-ansn-em-cerimonia-no-palacio-do-planalto
"O presidente esteve acompanhado de uma comitiva composta por diversas autoridades, entre elas a presidenta da Fundação Nacional dos Povos Indígenas (Funai), Joenia Wapichana.",True,Fonte oficial,https://www.gov.br/funai/pt-br/assuntos/noticias/2025/presidente-lula-reafirma-direitos-indigenas-em-visita-historica-a-regiao-do-xingu
"“Falei com o presidente Lula sobre a importância dos povos indígenas preservarem sua cultura, sua língua e seu modo de vida.",True,Fonte oficial,https://www.gov.br/funai/pt-br/assuntos/noticias/2025/presidente-lula-reafirma-direitos-indigenas-em-visita-historica-a-regiao-do-xingu
O presidente Lula reverenciou a importância do cacique Raoni como líder e referência mundial e falou do compromisso da atual gestão com os povos indígenas.,True,Fonte oficial,https://www.gov.br/funai/pt-br/assuntos/noticias/2025/presidente-lula-reafirma-direitos-indigenas-em-visita-historica-a-regiao-do-xingu
"“Somos um governo que respeita os povos indígenas, reconhece seus direitos e trabalha dia e noite, noite e dia, para que eles sejam assegurados.",True,Fonte oficial,https://www.gov.br/funai/pt-br/assuntos/noticias/2025/presidente-lula-reafirma-direitos-indigenas-em-visita-historica-a-regiao-do-xingu
"Não só respeitamos e reconhecemos, mas admiramos e amamos seus saberes e sua cultura”, discursou o presidente.",True,Fonte oficial,https://www.gov.br/funai/pt-br/assuntos/noticias/2025/presidente-lula-reafirma-direitos-indigenas-em-visita-historica-a-regiao-do-xingu
Lula também reconheceu o papel dos povos indígenas para a preservação da floresta e para o enfrentamento à mudança do clima e descreveu o que viu do alto ao sobrevoar o território preservado.,True,Fonte oficial,https://www.gov.br/funai/pt-br/assuntos/noticias/2025/presidente-lula-reafirma-direitos-indigenas-em-visita-historica-a-regiao-do-xingu
Também destacou que os povos indígenas são fundamentais para o Brasil atingir a meta de zerar o desmatamento na Amazônia até 2030.,True,Fonte oficial,https://www.gov.br/funai/pt-br/assuntos/noticias/2025/presidente-lula-reafirma-direitos-indigenas-em-visita-historica-a-regiao-do-xingu
"“Sem a proteção dos povos indígenas, o cuidado com a floresta e os rios, a crise climática traria eventos ainda mais extremos – de secas a inundações – para toda a população brasileira, sem exceção.",True,Fonte oficial,https://www.gov.br/funai/pt-br/assuntos/noticias/2025/presidente-lula-reafirma-direitos-indigenas-em-visita-historica-a-regiao-do-xingu
"O presidente Lula e a primeira-dama Janja Lula da Silva também foram homenageados pelas mãos de Raoni com um colar de conchas usado nas festividades do povo Kayapó, e com um cesto cargueiro, entregue por Kokonã Metyktire, filha do cacique.",True,Fonte oficial,https://www.gov.br/funai/pt-br/assuntos/noticias/2025/presidente-lula-reafirma-direitos-indigenas-em-visita-historica-a-regiao-do-xingu
O presidente Lula teve um breve momento com os servidores da Funai que atuam na região do Xingu.,True,Fonte oficial,https://www.gov.br/funai/pt-br/assuntos/noticias/2025/presidente-lula-reafirma-direitos-indigenas-em-visita-historica-a-regiao-do-xingu
"O Tribunal Superior Eleitoral usa algoritmos proprietários de cifração simétrica e assimétrica, de conhecimento exclusivo do TSE.",True,Fonte oficial,https://www.tse.jus.br/eleicoes/urna-eletronica/seguranca-da-urna/criptografia
"O boletim de urna é criptografado de forma segmentada, assinado digitalmente e transmitido.",True,Fonte oficial,https://www.tse.jus.br/eleicoes/urna-eletronica/seguranca-da-urna/criptografia
O Tribunal Superior Eleitoral não envia e-mails a eleitores para comunicar cancelamento de título eleitoral.,True,Fonte oficial,https://www.tse.jus.br/eleicoes/urna-eletronica/seguranca-da-urna/criptografia
"Cancelar Enviar feedback Carregando formulário Política de privacidade O Portal do TSE coleta dados (IP, acesso a links, sistema operacional e navegador), por meio de cookies ou dos navegadores.",True,Fonte oficial,https://www.tse.jus.br/eleicoes/urna-eletronica/seguranca-da-urna/criptografia
O sistema de totalização é a consolidação do resultado publicado na seção eleitoral (boletim de urna).,True,Fonte oficial,https://www.tse.jus.br/eleicoes/urna-eletronica/seguranca-da-urna/auditoria-da-totalizacao
A verificação pode ser feita pela comparação do Boletim de Urna (entrada) x Relatório de Voto por Seção (saída) .,True,Fonte oficial,https://www.tse.jus.br/eleicoes/urna-eletronica/seguranca-da-urna/auditoria-da-totalizacao
"Contingências de votação Esses procedimentos utilizam urnas e flash cards previamente preparados para esse fim e, em último caso, cédulas de votação em papel.",True,Fonte oficial,https://www.tse.jus.br/eleicoes/urna-eletronica/seguranca-da-urna/procedimentos-de-contingencia
"Utilização de urnas de contingência Na fase de preparação das urnas, na audiência de carga e lacre, algumas são preparadas para essa finalidade, são as urnas de contingência.",True,Fonte oficial,https://www.tse.jus.br/eleicoes/urna-eletronica/seguranca-da-urna/procedimentos-de-contingencia
Essas urnas são utilizadas para substituir aquelas que apresentarem defeitos durante a votação.,True,Fonte oficial,https://www.tse.jus.br/eleicoes/urna-eletronica/seguranca-da-urna/procedimentos-de-contingencia
"No ato da substituição, o flash card e o disquete de votação são transferidos da urna com defeito para essa urna, havendo dessa forma uma migração dos votos já registrados para a urna de contingência que é lacrada e passa a ser a urna da seção.",True,Fonte oficial,https://www.tse.jus.br/eleicoes/urna-eletronica/seguranca-da-urna/procedimentos-de-contingencia
Utilização de flash card de contingência Esse procedimento é utilizado quando a urna de contingência foi utilizada mas não resolveu o problema.,True,Fonte oficial,https://www.tse.jus.br/eleicoes/urna-eletronica/seguranca-da-urna/procedimentos-de-contingencia
"Consiste na utilização de um flash card previamente preparado para essa função, no processo de geração de mídias, em substituição ao flash card de votação da urna que apresentou problemas.",True,Fonte oficial,https://www.tse.jus.br/eleicoes/urna-eletronica/seguranca-da-urna/procedimentos-de-contingencia
"Votação manual Na situação em que a adoção da urna de contingência e do flash card de contingência não consiga sanar o problema, não resta outra alternativa a não ser adotar a votação manual por cédulas.",True,Fonte oficial,https://www.tse.jus.br/eleicoes/urna-eletronica/seguranca-da-urna/procedimentos-de-contingencia
"Contingências de apuração Esses procedimentos fazem uso de dois aplicativos desenvolvidos pelo TSE para esse fim: O Recuperador de Dados (RED) e o Sistema de Apuração (SA), também conhecido como Sistema de Voto Cantado (SVC).",True,Fonte oficial,https://www.tse.jus.br/eleicoes/urna-eletronica/seguranca-da-urna/procedimentos-de-contingencia
Utilização do Recuperador de Dados (RED) Para encerrar votação Esse procedimento é utilizado para encerrar a votação quando por falha operacional (o mesário desligou a urna sem executar a rotina de encerramento da votação).,True,Fonte oficial,https://www.tse.jus.br/eleicoes/urna-eletronica/seguranca-da-urna/procedimentos-de-contingencia
Nessa situação o RED gera um novo disquete a partir da urna originária.,True,Fonte oficial,https://www.tse.jus.br/eleicoes/urna-eletronica/seguranca-da-urna/procedimentos-de-contingencia
"Em primeiro lugar, antes de se iniciarem as votações, o presidente da mesa receptora de votos deverá emitir a chamada zerésima , relatório gerado após o procedimento de inicialização da urna em cada seção eleitoral.",True,Fonte oficial,https://www.tse.jus.br/eleicoes/historia/processo-eleitoral-brasileiro/votacao/votacao-segura
"A zerésima assegura que a urna está “zerada”, ou seja, que não há nenhum voto registrado nela.",True,Fonte oficial,https://www.tse.jus.br/eleicoes/historia/processo-eleitoral-brasileiro/votacao/votacao-segura
"Esse documento é assinado pelo presidente da mesa receptora, pelo primeiro secretário e pelos fiscais dos partidos políticos e das coligações que o desejarem.",True,Fonte oficial,https://www.tse.jus.br/eleicoes/historia/processo-eleitoral-brasileiro/votacao/votacao-segura
São impressas cinco vias obrigatórias do boletim de urna e até 15 vias adicionais.,True,Fonte oficial,https://www.tse.jus.br/eleicoes/historia/processo-eleitoral-brasileiro/votacao/votacao-segura
"O Código Eleitoral estabelece que a não expedição do boletim de urna imediatamente após o encerramento da votação, ressalvados os casos de defeito da urna, constitui crime.",True,Fonte oficial,https://www.tse.jus.br/eleicoes/historia/processo-eleitoral-brasileiro/votacao/votacao-segura
"Três vias são encaminhadas ao cartório eleitoral, juntamente com a ata da seção, e uma via é entregue aos representantes ou fiscais dos partidos políticos presentes.",True,Fonte oficial,https://www.tse.jus.br/eleicoes/historia/processo-eleitoral-brasileiro/votacao/votacao-segura
O Registro Digital do Voto (RDV) é o arquivo no qual os votos dos eleitores são registrados na urna.,True,Fonte oficial,https://www.tse.jus.br/eleicoes/historia/processo-eleitoral-brasileiro/votacao/votacao-segura
É a partir desse arquivo que o relatório zerésima – relatório que indica que a urna não possui votos registrados – é emitido.,True,Fonte oficial,https://www.tse.jus.br/eleicoes/historia/processo-eleitoral-brasileiro/votacao/votacao-segura
Também é sobre o RDV que o boletim de urna – relatório com a apuração dos votos da seção – é gerado.,True,Fonte oficial,https://www.tse.jus.br/eleicoes/historia/processo-eleitoral-brasileiro/votacao/votacao-segura
"O RDV é utilizado somente no encerramento da votação para gerar o boletim de urna e, assim, realizar o somatório dos votos de cada candidato ou legenda e o cômputo de votos nulos e em brancos.",True,Fonte oficial,https://www.tse.jus.br/eleicoes/historia/processo-eleitoral-brasileiro/votacao/votacao-segura
"Como o RDV preserva exatamente aquilo que o eleitor digitou, esse arquivo é um instrumento importante de auditoria e verificação da correta apuração de uma seção.",True,Fonte oficial,https://www.tse.jus.br/eleicoes/historia/processo-eleitoral-brasileiro/votacao/votacao-segura
"O registro do voto garante o seu sigilo : assim como numa urna de lona tradicional, na qual as cédulas de papel ficam embaralhadas impossibilitando a vinculação de cada cédula a um eleitor, no RDV cada voto é gravado numa posição aleatória do arquivo.",True,Fonte oficial,https://www.tse.jus.br/eleicoes/historia/processo-eleitoral-brasileiro/votacao/votacao-segura
"Em particular, o voto, em cada cargo, é armazenado numa posição diferente, não permitindo qualquer tipo de associação entre votos, tampouco a associação desses votos com a sequência de comparecimento dos eleitores.",True,Fonte oficial,https://www.tse.jus.br/eleicoes/historia/processo-eleitoral-brasileiro/votacao/votacao-segura
Aos partidos políticos e às coligações é permitida a obtenção de cópias dos arquivos de RDV de todas as urnas que julgarem necessárias.,True,Fonte oficial,https://www.tse.jus.br/eleicoes/historia/processo-eleitoral-brasileiro/votacao/votacao-segura
A transmissão dos dados após a votação também é segura.,True,Fonte oficial,https://www.tse.jus.br/eleicoes/historia/processo-eleitoral-brasileiro/votacao/votacao-segura
Os arquivos são transmitidos para os centros de processamento de dados dos tribunais regionais eleitorais.,True,Fonte oficial,https://www.tse.jus.br/eleicoes/historia/processo-eleitoral-brasileiro/votacao/votacao-segura
"Quando chegam ao computador que faz a totalização, eles passam por uma verificação de confiabilidade, que assegura que o resultado está íntegro e provém de uma urna eletrônica preparada pela Justiça Eleitoral.",True,Fonte oficial,https://www.tse.jus.br/eleicoes/historia/processo-eleitoral-brasileiro/votacao/votacao-segura
"Tais arquivos são verificados quanto à sua assinatura digital e, no caso de boletins de urna, decifrados com a chave de propriedade do software de totalização.",True,Fonte oficial,https://www.tse.jus.br/eleicoes/historia/processo-eleitoral-brasileiro/votacao/votacao-segura
É importante enfatizar também que não é a urna eletrônica que faz a transmissão dos dados.,True,Fonte oficial,https://www.tse.jus.br/eleicoes/historia/processo-eleitoral-brasileiro/votacao/votacao-segura
"Por segurança, as urnas, em momento algum (nem no período de preparação para as eleições, nem durante as votações ou na fase posterior) são conectadas a qualquer tipo de rede de comunicação externa.",True,Fonte oficial,https://www.tse.jus.br/eleicoes/historia/processo-eleitoral-brasileiro/votacao/votacao-segura
"Os mecanismos de segurança impedem interceptações, alterações ou ataque de hackers , conferindo-se, portanto, total confiabilidade aos resultados das eleições.",True,Fonte oficial,https://www.tse.jus.br/eleicoes/historia/processo-eleitoral-brasileiro/votacao/votacao-segura
Dia da eleição 1 - Quais documentos são necessários para votar?,True,Fonte oficial,https://www.tse.jus.br/eleicoes/eleicoes-2024-content/perguntas-frequentes-eleicoes-2024
"Tenha sempre em mãos seu título eleitoral, já que nele constam informações sobre a zona e a seção eleitoral.",True,Fonte oficial,https://www.tse.jus.br/eleicoes/eleicoes-2024-content/perguntas-frequentes-eleicoes-2024
"Se preferir, baixe o aplicativo e-Título (título de eleitor em meio digital, disponível para Android ou iOS ), que substitui documento oficial com foto.",True,Fonte oficial,https://www.tse.jus.br/eleicoes/eleicoes-2024-content/perguntas-frequentes-eleicoes-2024
"A votação será aberta a partir das 8h , considerando-se o horário de Brasília, com encerramento às 17h .",True,Fonte oficial,https://www.tse.jus.br/eleicoes/eleicoes-2024-content/perguntas-frequentes-eleicoes-2024
"O 1º turno do pleito está marcado para 6 de outubro e o 2º turno para o dia 27 de outubro ( caso necessário, em municípios com mais de 200 mil eleitoras e eleitores).",True,Fonte oficial,https://www.tse.jus.br/eleicoes/eleicoes-2024-content/perguntas-frequentes-eleicoes-2024
"Para consultar o local de votação , informe nome completo ou o número de CPF/título eleitoral, a data de nascimento e o nome da mãe.",True,Fonte oficial,https://www.tse.jus.br/eleicoes/eleicoes-2024-content/perguntas-frequentes-eleicoes-2024
"No dia 6 de outubro, data do primeiro turno das Eleições Municipais 2024, estarão em disputa os cargos de prefeito(a), vice-prefeito(a) e vereador(a).",True,Fonte oficial,https://www.tse.jus.br/eleicoes/eleicoes-2024-content/perguntas-frequentes-eleicoes-2024
"De acordo com a legislação eleitoral, primeiro você digita o voto para vereador(a) e, depois, para prefeito(a).",True,Fonte oficial,https://www.tse.jus.br/eleicoes/eleicoes-2024-content/perguntas-frequentes-eleicoes-2024
"O número a ser digitado na urna eletrônica para vereador(a) é composto por cinco dígitos e, para prefeito(a), dois dígitos.",True,Fonte oficial,https://www.tse.jus.br/eleicoes/eleicoes-2024-content/perguntas-frequentes-eleicoes-2024
Acesse o simulador de votação e treine para não errar!,True,Fonte oficial,https://www.tse.jus.br/eleicoes/eleicoes-2024-content/perguntas-frequentes-eleicoes-2024
"Ele é entregue no dia da votação, pelo(a) mesário(a) da seção eleitoral em que o eleitor ou eleitora votou.",True,Fonte oficial,https://www.tse.jus.br/eleicoes/eleicoes-2024-content/perguntas-frequentes-eleicoes-2024
O cadastro eleitoral está fechado desde 9 de maio e será reaberto em 5 de novembro .,True,Fonte oficial,https://www.tse.jus.br/eleicoes/eleicoes-2024-content/perguntas-frequentes-eleicoes-2024
"Nesse período, não é possível tirar o título, alterar dados, nem transferir o domicílio eleitoral.",True,Fonte oficial,https://www.tse.jus.br/eleicoes/eleicoes-2024-content/perguntas-frequentes-eleicoes-2024
1 - Como faço para solicitar segunda via do meu título de eleitor(a)?,True,Fonte oficial,https://www.tse.jus.br/eleicoes/eleicoes-2024-content/perguntas-frequentes-eleicoes-2024
"Se você quiser uma via impressa do seu título, pode solicitá-la no Cartório Eleitoral, imprimir pelo sistema Autoatendimento Eleitoral - Título Net , ou pelo aplicativo e-Título (disponível para smartphone e tablet nas plataformas iOS ou Android) .",True,Fonte oficial,https://www.tse.jus.br/eleicoes/eleicoes-2024-content/perguntas-frequentes-eleicoes-2024
2 - Como consultar o número do título eleitoral?,True,Fonte oficial,https://www.tse.jus.br/eleicoes/eleicoes-2024-content/perguntas-frequentes-eleicoes-2024
Acesse a página https://www.tse.jus.br/servicos-eleitorais/titulo-e-local-de-votacao/titulo-e-local-de-votacao e faça sua pesquisa.,True,Fonte oficial,https://www.tse.jus.br/eleicoes/eleicoes-2024-content/perguntas-frequentes-eleicoes-2024
"O eleitor e a eleitora que souberem seu local de votação podem votar sem o título, levando apenas um documento oficial com foto.",True,Fonte oficial,https://www.tse.jus.br/eleicoes/eleicoes-2024-content/perguntas-frequentes-eleicoes-2024
Você pode consultar sua situação eleitoral no site do TSE.,True,Fonte oficial,https://www.tse.jus.br/eleicoes/eleicoes-2024-content/perguntas-frequentes-eleicoes-2024
"A situação REGULAR significa que a inscrição eleitoral (título) está disponível para o exercício do voto e habilitada para a transferência, a revisão e a segunda via.",True,Fonte oficial,https://www.tse.jus.br/eleicoes/eleicoes-2024-content/perguntas-frequentes-eleicoes-2024
Não quer dizer que a eleitora ou o eleitor não possua débitos com a Justiça Eleitoral.,True,Fonte oficial,https://www.tse.jus.br/eleicoes/eleicoes-2024-content/perguntas-frequentes-eleicoes-2024
O conceito de regularidade da inscrição eleitoral (aptidão para o voto) não se confunde com o de quitação eleitoral (eleitor ou eleitora sem débitos).,True,Fonte oficial,https://www.tse.jus.br/eleicoes/eleicoes-2024-content/perguntas-frequentes-eleicoes-2024
"Para consultar se há débitos por ausências injustificadas às urnas ou aos trabalhos eleitorais, acesse Consulta débitos eleitorais .",True,Fonte oficial,https://www.tse.jus.br/eleicoes/eleicoes-2024-content/perguntas-frequentes-eleicoes-2024
"Na situação CANCELADA, a inscrição eleitoral (título) fica indisponível para o exercício do voto e somente habilitada para a transferência ou a revisão nos casos previstos na Resolução- TSE nº 23.659, de 2021.",True,Fonte oficial,https://www.tse.jus.br/eleicoes/eleicoes-2024-content/perguntas-frequentes-eleicoes-2024
O e-Título é um aplicativo móvel que permite obter a via digital do título eleitoral.,True,Fonte oficial,https://www.tse.jus.br/eleicoes/eleicoes-2024-content/perguntas-frequentes-eleicoes-2024
A via digital do título eleitoral que contenha fotografia pode ser utilizada como documento de identificação para votar.,True,Fonte oficial,https://www.tse.jus.br/eleicoes/eleicoes-2024-content/perguntas-frequentes-eleicoes-2024
"Para saber mais sobre o título eleitoral, acesse https://www.justicaeleitoral.jus.br/titulo-eleitoral/ Mesários(as) 1 - Como faço para trabalhar como mesário(a)?",True,Fonte oficial,https://www.tse.jus.br/eleicoes/eleicoes-2024-content/perguntas-frequentes-eleicoes-2024
"Se você é eleitor(a) e tem no mínimo 18 anos, pode ser mesário(a).",True,Fonte oficial,https://www.tse.jus.br/eleicoes/eleicoes-2024-content/perguntas-frequentes-eleicoes-2024
"(Portaria TSE nº 63, de 02 de fevereiro de 2023) tem direito a dois dias de folga por cada dia trabalhado e ao concluir o treinamento, sem perder o salário.",True,Fonte oficial,https://www.tse.jus.br/eleicoes/eleicoes-2024-content/perguntas-frequentes-eleicoes-2024
"Importante: as folgas devem ser negociadas com a empresa, o órgão ou a instituição em que a mesária ou o mesário trabalhava na época da eleição.",True,Fonte oficial,https://www.tse.jus.br/eleicoes/eleicoes-2024-content/perguntas-frequentes-eleicoes-2024
O eleitor ou eleitora convocado(a) que não quiser ser mesário(a) deverá dirigir-se ao cartório eleitoral até cinco dias após a convocação e apresentar justificativa.,True,Fonte oficial,https://www.tse.jus.br/eleicoes/eleicoes-2024-content/perguntas-frequentes-eleicoes-2024
"O pedido será analisado por um juiz eleitoral, que poderá acatá-lo ou não.",True,Fonte oficial,https://www.tse.jus.br/eleicoes/eleicoes-2024-content/perguntas-frequentes-eleicoes-2024
"As mesárias e os mesários são nomeados, de preferência, entre eleitoras ou eleitores do mesmo local de votação, com prioridade para as pessoas voluntárias.",True,Fonte oficial,https://www.tse.jus.br/eleicoes/eleicoes-2024-content/perguntas-frequentes-eleicoes-2024
autoridades públicas; agentes policiais; ocupantes de cargos de confiança do Poder Executivo; pertencentes ao serviço eleitoral; e eleitoras ou eleitores menores de 18 (dezoito) anos.,True,Fonte oficial,https://www.tse.jus.br/eleicoes/eleicoes-2024-content/perguntas-frequentes-eleicoes-2024
"Na mesma mesa receptora de votos, é vedada a participação de: parentes em qualquer grau e servidoras ou servidores da mesma repartição pública ou empresa privada.",True,Fonte oficial,https://www.tse.jus.br/eleicoes/eleicoes-2024-content/perguntas-frequentes-eleicoes-2024
"Para saber mais, acesse https://www.justicaeleitoral.jus.br/eleicoes/mesario/ Biometria Atenção!",True,Fonte oficial,https://www.tse.jus.br/eleicoes/eleicoes-2024-content/perguntas-frequentes-eleicoes-2024
Ela é realizada junto ao período de cadastramento eleitoral que está fechado desde 9 de maio e será reaberto em 5 de novembro .,True,Fonte oficial,https://www.tse.jus.br/eleicoes/eleicoes-2024-content/perguntas-frequentes-eleicoes-2024
"A vantagem da identificação biométrica é ter a identidade confirmada pela impressão digital, para evitar que outro eleitor ou eleitora se passe por você.",True,Fonte oficial,https://www.tse.jus.br/eleicoes/eleicoes-2024-content/perguntas-frequentes-eleicoes-2024
A identificação biométrica é um serviço eleitoral obrigatório e gratuito.,True,Fonte oficial,https://www.tse.jus.br/eleicoes/eleicoes-2024-content/perguntas-frequentes-eleicoes-2024
"A coleta biométrica é realizada apenas em atendimentos presenciais, portanto, v ocê deve se dirigir ao cartório eleitoral responsável pelo seu título (onde você vota) para fazer o seu cadastro biométrico.",True,Fonte oficial,https://www.tse.jus.br/eleicoes/eleicoes-2024-content/perguntas-frequentes-eleicoes-2024
"A coleta biométrica é feita durante as operações de alistamento eleitoral (primeiro título), revisão de dados ou transferência de domicílio.",True,Fonte oficial,https://www.tse.jus.br/eleicoes/eleicoes-2024-content/perguntas-frequentes-eleicoes-2024
"É possível iniciar o atendimento pela internet, usando os serviços de Autoatendimento da Justiça Eleitoral.",True,Fonte oficial,https://www.tse.jus.br/eleicoes/eleicoes-2024-content/perguntas-frequentes-eleicoes-2024
Você será informado pelo sistema se houver a necessidade de comparecimento ao cartório eleitoral para completar o atendimento com a coleta dos dados biométricos no prazo de 30 dias.,True,Fonte oficial,https://www.tse.jus.br/eleicoes/eleicoes-2024-content/perguntas-frequentes-eleicoes-2024
Entre em contato com o Tribunal Regional Eleitoral da sua região para obter infomações sobre a necessidade de agendamento.,True,Fonte oficial,https://www.tse.jus.br/eleicoes/eleicoes-2024-content/perguntas-frequentes-eleicoes-2024
"Para saber se você já fez o cadastramento biométrico, consulte a sua Situação Eleitoral.",True,Fonte oficial,https://www.tse.jus.br/eleicoes/eleicoes-2024-content/perguntas-frequentes-eleicoes-2024
Fique atento a eventuais convocações para revisão de eleitorado.,True,Fonte oficial,https://www.tse.jus.br/eleicoes/eleicoes-2024-content/perguntas-frequentes-eleicoes-2024
"Mas, se houver a convocação para revisão de eleitorado com o objetivo de coletar a biometria da população e o eleitor ou a eleitora não comparecer ao procedimento, poderá ter seu título cancelado e, por essa razão, não poderá votar.",True,Fonte oficial,https://www.tse.jus.br/eleicoes/eleicoes-2024-content/perguntas-frequentes-eleicoes-2024
4 - Posso votar caso minha digital não seja reconhecida na hora da votação?,True,Fonte oficial,https://www.tse.jus.br/eleicoes/eleicoes-2024-content/perguntas-frequentes-eleicoes-2024
"No dia da eleição, não há nenhum problema caso a digital não possa ser lida.",True,Fonte oficial,https://www.tse.jus.br/eleicoes/eleicoes-2024-content/perguntas-frequentes-eleicoes-2024
"Após quatro tentativas, a pessoa será orientada a apresentar o documento oficial brasileiro de identificação com foto* e o mesário ou a mesária poderá fazer algumas perguntas para a confirmação da identidade.",True,Fonte oficial,https://www.tse.jus.br/eleicoes/eleicoes-2024-content/perguntas-frequentes-eleicoes-2024
"* Os seguintes documentos podem ser utilizados para se identificar na seção eleitoral: carteira de identidade, carteira de categoria profissional reconhecida por lei, certificado de reservista, carteira nacional de habilitação e passaporte, além do e-título.",True,Fonte oficial,https://www.tse.jus.br/eleicoes/eleicoes-2024-content/perguntas-frequentes-eleicoes-2024
A carteira de trabalho digital não é documento válido de identificação na Justiça Eleitoral.,True,Fonte oficial,https://www.tse.jus.br/eleicoes/eleicoes-2024-content/perguntas-frequentes-eleicoes-2024
"Para mais informações, acesse a página da biometria: https://www.justicaeleitoral.jus.br/biometria/ Voto 1 - Quem é obrigado a votar?",True,Fonte oficial,https://www.tse.jus.br/eleicoes/eleicoes-2024-content/perguntas-frequentes-eleicoes-2024
"Se você completou 16 anos já pode votar, mas seu voto não é obrigatório; o mesmo vale para maiores de 70 anos e pessoas analfabetas.",True,Fonte oficial,https://www.tse.jus.br/eleicoes/eleicoes-2024-content/perguntas-frequentes-eleicoes-2024
"No Brasil, o voto é obrigatório para brasileiros(as) alfabetizados(as) maiores de 18 anos e menores de 70 anos.",True,Fonte oficial,https://www.tse.jus.br/eleicoes/eleicoes-2024-content/perguntas-frequentes-eleicoes-2024
2 - Não votei na eleição passada nem justifiquei.,True,Fonte oficial,https://www.tse.jus.br/eleicoes/eleicoes-2024-content/perguntas-frequentes-eleicoes-2024
Quem não votou nem justificou a ausência no prazo de até 60 dias após o pleito pode emitir o boleto para quitação de multas nos sites do TSE ou dos TREs .,True,Fonte oficial,https://www.tse.jus.br/eleicoes/eleicoes-2024-content/perguntas-frequentes-eleicoes-2024
"Após quitar a Guia GRU , é necessário aguardar a identificação do pagamento pela Justiça Eleitoral e o registro na inscrição pela zona eleitoral onde for inscrito o(a) eleitor(a).",True,Fonte oficial,https://www.tse.jus.br/eleicoes/eleicoes-2024-content/perguntas-frequentes-eleicoes-2024
"Caso haja urgência para a regularização da situação eleitoral, entre em contato com a zona eleitoral onde for inscrito para orientações sobre a baixa da multa no sistema.",True,Fonte oficial,https://www.tse.jus.br/eleicoes/eleicoes-2024-content/perguntas-frequentes-eleicoes-2024
"No entanto, os(as) presos(as) provisórios(as) que estão esperando decisão judicial têm direito ao voto.",True,Fonte oficial,https://www.tse.jus.br/eleicoes/eleicoes-2024-content/perguntas-frequentes-eleicoes-2024
"O voto em trânsito é uma possibilidade dada ao eleitor e a eleitora para votarem fora do seu domicílio eleitoral, em uma seção especial para isso.",True,Fonte oficial,https://www.tse.jus.br/eleicoes/eleicoes-2024-content/perguntas-frequentes-eleicoes-2024
"Diferente das eleições gerais (aquela em que votamos para presidente, governador, deputados e senadores), nas eleições municipais não há a possibilidade de voto em trânsito .",True,Fonte oficial,https://www.tse.jus.br/eleicoes/eleicoes-2024-content/perguntas-frequentes-eleicoes-2024
5 - Qual a diferença entre voto em branco e voto nulo?,True,Fonte oficial,https://www.tse.jus.br/eleicoes/eleicoes-2024-content/perguntas-frequentes-eleicoes-2024
A diferença está apenas na forma como o(a) eleitor(a) decide votar.,True,Fonte oficial,https://www.tse.jus.br/eleicoes/eleicoes-2024-content/perguntas-frequentes-eleicoes-2024
"O voto em branco é registrado quando se pressiona o botão ""Branco"" na urna eletrônica.",True,Fonte oficial,https://www.tse.jus.br/eleicoes/eleicoes-2024-content/perguntas-frequentes-eleicoes-2024
"Já o voto nulo é registrado quando o(a) eleitor(a) digita um número que não pertence a nenhum candidato ou partido e aperta o botão ""Confirma"".",True,Fonte oficial,https://www.tse.jus.br/eleicoes/eleicoes-2024-content/perguntas-frequentes-eleicoes-2024
Ambos são votos inválidos e não são considerados na contagem final.,True,Fonte oficial,https://www.tse.jus.br/eleicoes/eleicoes-2024-content/perguntas-frequentes-eleicoes-2024
Justificativa eleitoral 1 - Como faço para justificar minha ausência nas eleições?,True,Fonte oficial,https://www.tse.jus.br/eleicoes/eleicoes-2024-content/perguntas-frequentes-eleicoes-2024
O acesso ao aplicativo e-Título está disponível somente para quem está com o título eleitoral regular ou suspenso.,True,Fonte oficial,https://www.tse.jus.br/eleicoes/eleicoes-2024-content/perguntas-frequentes-eleicoes-2024
"No caso de utilização do Requerimento de Justificativa Eleitoral (RJE) , é necessário apresentar também um documento oficial de identificação com foto.",True,Fonte oficial,https://www.tse.jus.br/eleicoes/eleicoes-2024-content/perguntas-frequentes-eleicoes-2024
"Caso não apresente a justificativa no dia da votação, a eleitora ou o eleitor poderá justificar sua ausência em até 60 (sessenta) dias após cada turno da votação 2 - Quais as consequências para quem não votar, justificar ou pagar multa?",True,Fonte oficial,https://www.tse.jus.br/eleicoes/eleicoes-2024-content/perguntas-frequentes-eleicoes-2024
"Enquanto não regularizar a situação com a Justiça Eleitoral, a eleitora ou o eleitor não poderá, conforme o § 1º do art.",True,Fonte oficial,https://www.tse.jus.br/eleicoes/eleicoes-2024-content/perguntas-frequentes-eleicoes-2024
"(1) A restrição prevista no § 1º não é aplicável à brasileira ou ao brasileiro residente no exterior que requeira novo passaporte para identificação e retorno ao Brasil, conforme disciplinado pelo § 4º do art.",True,Fonte oficial,https://www.tse.jus.br/eleicoes/eleicoes-2024-content/perguntas-frequentes-eleicoes-2024
Serviços eleitorais 1- Como faço para receber certidão de quitação eleitoral?,True,Fonte oficial,https://www.tse.jus.br/eleicoes/eleicoes-2024-content/perguntas-frequentes-eleicoes-2024
"Para emitir certidão de quitação eleitoral , acesse a página e faça a solicitação.",True,Fonte oficial,https://www.tse.jus.br/eleicoes/eleicoes-2024-content/perguntas-frequentes-eleicoes-2024
Você pode consultar sua situação eleitoral no Portal do TSE.,True,Fonte oficial,https://www.tse.jus.br/eleicoes/eleicoes-2024-content/perguntas-frequentes-eleicoes-2024
3 - Como faço para consultar e quitar possíveis débitos eleitorais?,True,Fonte oficial,https://www.tse.jus.br/eleicoes/eleicoes-2024-content/perguntas-frequentes-eleicoes-2024
4 - Como faço para saber onde fica o cartório eleitoral mais próximo?,True,Fonte oficial,https://www.tse.jus.br/eleicoes/eleicoes-2024-content/perguntas-frequentes-eleicoes-2024
"Para encontrar o endereço do cartório eleitoral mais perto de você, acesse https://www.tse.jus.br/institucional/justica-eleitoral/tres/zonas-eleitorais-cartorios .",True,Fonte oficial,https://www.tse.jus.br/eleicoes/eleicoes-2024-content/perguntas-frequentes-eleicoes-2024
Você também pode consultar a relação de portais dos tribunais regionais eleitorais .,True,Fonte oficial,https://www.tse.jus.br/eleicoes/eleicoes-2024-content/perguntas-frequentes-eleicoes-2024
5 - Como faço para acompanhar um processo eleitoral?,True,Fonte oficial,https://www.tse.jus.br/eleicoes/eleicoes-2024-content/perguntas-frequentes-eleicoes-2024
Você pode acompanhar os processos que tramitam na Justiça Eleitoral pelo Portal do TSE .,True,Fonte oficial,https://www.tse.jus.br/eleicoes/eleicoes-2024-content/perguntas-frequentes-eleicoes-2024
"Para consultar pautas de julgamento, acesse https://www.tse.jus.br/servicos-judiciais/sessoes-de-julgamento/pautas-de-julgamento/pje 7 - Onde encontrar dados estatísticos sobre as eleições brasileiras?",True,Fonte oficial,https://www.tse.jus.br/eleicoes/eleicoes-2024-content/perguntas-frequentes-eleicoes-2024
Você pode consultar dados de candidatos(as) e partidos pelo sistema de Divulgação de Candidaturas e Contas Eleitorais.,True,Fonte oficial,https://www.tse.jus.br/eleicoes/eleicoes-2024-content/perguntas-frequentes-eleicoes-2024
2 - Como faço para denunciar um crime eleitoral?,True,Fonte oficial,https://www.tse.jus.br/eleicoes/eleicoes-2024-content/perguntas-frequentes-eleicoes-2024
"Ao ficar sabendo de qualquer crime ou irregularidade eleitoral, o cidadão deve denunciar o fato ao Ministério Público Eleitoral de sua cidade ou região.",True,Fonte oficial,https://www.tse.jus.br/eleicoes/eleicoes-2024-content/perguntas-frequentes-eleicoes-2024
"No caso de propaganda eleitoral irregular na internet e outras formas de propaganda inadequada, é possível realizar a denúncia pelo Pardal, um aplicativo móvel que pode ser baixado para smartphone nas Plataformas iOS ou Android .",True,Fonte oficial,https://www.tse.jus.br/eleicoes/eleicoes-2024-content/perguntas-frequentes-eleicoes-2024
3 - Por que o TSE não fiscaliza os candidatos eleitos?,True,Fonte oficial,https://www.tse.jus.br/eleicoes/eleicoes-2024-content/perguntas-frequentes-eleicoes-2024
A Justiça Eleitoral é responsável por organizar as eleições e garantir a lisura do pleito.,True,Fonte oficial,https://www.tse.jus.br/eleicoes/eleicoes-2024-content/perguntas-frequentes-eleicoes-2024
4 - Onde posso checar se uma notícia sobre o processo eleitoral é falsa?,True,Fonte oficial,https://www.tse.jus.br/eleicoes/eleicoes-2024-content/perguntas-frequentes-eleicoes-2024
Por meio do site Fato ou Boato é possível esclarecer informações duvidosas sobre as eleições que circulam na internet.,True,Fonte oficial,https://www.tse.jus.br/eleicoes/eleicoes-2024-content/perguntas-frequentes-eleicoes-2024
Também é possível fazer denúncias e conhecer as ações desenvolvidas pelo TSE para combater a desinformação .,True,Fonte oficial,https://www.tse.jus.br/eleicoes/eleicoes-2024-content/perguntas-frequentes-eleicoes-2024
"Outra forma de denunciar desinformação eleitoral é por meio do número 1491, o SOS Voto, disque-denúncia gratuito criado para receber relatos de mentiras sobre o processo eleitoral nas redes sociais.",True,Fonte oficial,https://www.tse.jus.br/eleicoes/eleicoes-2024-content/perguntas-frequentes-eleicoes-2024
Primeira Turma do STF decide acabar com aposentadoria compulsória remunerada como maior punição a magistrados,True,RSS oficial,https://g1.globo.com/politica/noticia/2026/05/26/stf-acaba-com-aposentadoria-compulsoria-como-maior-punicao-a-magistrados.ghtml
"Ao defender fim da 6x1, Lula diz que vida da mulher é mais 'grave' porque, além do trabalho, tem louça, banheiro e casa pra cuidar",True,RSS oficial,https://g1.globo.com/politica/noticia/2026/05/26/ao-defender-fim-da-6x1-lula-diz-que-vida-da-mulher-e-mais-grave-porque-alem-do-trabalho-tem-louca-banheiro-e-casa-pra-cuidar.ghtml
Suspeitas contra Castro foram encontradas no celular de Vorcaro,True,RSS oficial,https://g1.globo.com/politica/blog/camila-bomfim/post/2026/05/26/suspeitas-contra-castro-foram-encontradas-no-celular-de-vorcaro.ghtml
"Em busca de acordo com o governo, comissão do Senado adia novamente votação de projeto sobre dívidas rurais",True,RSS oficial,https://g1.globo.com/politica/noticia/2026/05/26/em-busca-de-acordo-com-o-governo-comissao-do-senado-adia-novamente-votacao-de-projeto-sobre-dividas-rurais.ghtml
"Pela primeira vez, Brasil ingressa no grupo de países com muito alto desenvolvimento humano; avanços foram desiguais",True,RSS oficial,https://g1.globo.com/politica/noticia/2026/05/26/pela-primeira-vez-brasil-ingressa-no-grupo-de-paises-com-muito-alto-desenvolvimento-humano-avancos-foram-desiguais.ghtml
"Atlas da Violência: Brasil registrou mais de 3,6 mil homicídios de mulheres em 2024; negligência e abuso sexual lideram ocorrências",True,RSS oficial,https://g1.globo.com/politica/noticia/2026/05/26/atlas-da-violencia-homicidios-de-mulheres-em-2024.ghtml
"Sete em cada dez homicídios no Brasil foram cometidos com arma de fogo em 2024, diz Atlas da Violência",True,RSS oficial,https://g1.globo.com/politica/noticia/2026/05/26/sete-em-cada-dez-homicidios-no-brasil-foram-cometidos-com-arma-de-fogo-em-2024-diz-atlas-da-violencia.ghtml
"1 assassinato a cada 16 minutos: 77% das vítimas de homicídio no Brasil são pessoas negras, diz Atlas da Violência",True,RSS oficial,https://g1.globo.com/politica/noticia/2026/05/26/atlas-da-violencia-homicidios-pessoas-negras.ghtml
"Veja MAPA com os estados mais e menos violentos do Brasil, segundo o Atlas da Violência",True,RSS oficial,https://g1.globo.com/politica/noticia/2026/05/26/mapa-taxa-homicidios-atlas-da-violencia-2026.ghtml
"Atlas da Violência: Brasil tem menor taxa de homicídios em 11 anos, mas ainda registra 42,6 mil casos",True,RSS oficial,https://g1.globo.com/politica/noticia/2026/05/26/atlas-da-violencia-taxa-homicidios.ghtml
Governo já começou articulação por nova indicação de Jorge Messias ao STF após rejeição histórica no Senado,True,RSS oficial,https://g1.globo.com/politica/blog/valdo-cruz/post/2026/05/26/governo-ja-comecou-articulacao-por-nova-indicacao-de-jorge-messias-ao-stf-apos-rejeicao-historica-no-senado.ghtml
Lula faz novo procedimento de radioterapia no couro cabeludo,True,RSS oficial,https://g1.globo.com/politica/noticia/2026/05/26/lula-novo-procedimento-de-radioterapia.ghtml
STF julga nesta terça recurso contra decisão que acabou com aposentadoria compulsória como maior punição a magistrados,True,RSS oficial,https://g1.globo.com/politica/noticia/2026/05/26/stf-julga-nesta-terca-recurso-contra-decisao-que-acabou-com-aposentadoria-compulsoria-como-maior-punicao-a-magistrados.ghtml
"Impasse entre governo, Senado e setor produtivo deve adiar novamente votação de projeto sobre dívidas rurais",True,RSS oficial,https://g1.globo.com/politica/noticia/2026/05/26/impasse-entre-governo-senado-e-setor-produtivo-deve-adiar-novamente-votacao-de-projeto-sobre-dividas-rurais.ghtml
"Governo publica decreto que fixa em R$ 0,44 subsídio por litro da gasolina",True,RSS oficial,https://g1.globo.com/economia/noticia/2026/05/25/governo-publica-decreto-que-fixa-em-r-044-subsidio-por-litro-da-gasolina.ghtml
Fim da escala 6x1: pedido de vista adia votação de PEC que prevê redução de jornada para 40 horas,True,RSS oficial,https://g1.globo.com/politica/noticia/2026/05/25/fim-da-escala-6x1-pedido-de-vista-adia-votacao-de-pec-que-preve-reducao-de-jornada-para-40-horas.ghtml
"Lula atende a pedido de presidente e anuncia ajuda em meio à onda de protestos na Bolívia, diz Planalto",True,RSS oficial,https://g1.globo.com/politica/noticia/2026/05/25/lula-atende-a-pedido-de-presidente-e-envia-ajuda-em-meio-a-onda-de-protestos-na-bolivia-diz-planalto.ghtml
PSDB de SP anuncia apoio à pré-candidatura de Aécio Neves como presidente da República,True,RSS oficial,https://g1.globo.com/sp/sao-paulo/eleicoes/2026/noticia/2026/05/25/psdb-de-sp-anuncia-apoio-a-pre-candidatura-de-aecio-neves-como-presidente-da-republica.ghtml
"'Flávio Bolsonaro é nosso candidato para valer', diz presidente do PL após crise com Vorcaro",True,RSS oficial,https://g1.globo.com/politica/blog/andreia-sadi/post/2026/05/25/valdemar-costa-neto-globonews-estudio-i.ghtml
STF e AGU discutem reação após Moraes ser notificado por processo movido nos EUA contra ele,True,RSS oficial,https://g1.globo.com/politica/noticia/2026/05/25/stf-discute-resposta-institucional-apos-moraes-ser-notificado-por-processo-movido-nos-eua-contra-ele.ghtml
"Após reunião com Lula, Motta diz que PEC do fim da escala 6x1 prevê jornada de 40 horas sem corte de salário e transição de 14 meses",True,RSS oficial,https://g1.globo.com/politica/noticia/2026/05/25/apos-reuniao-com-lula-motta-diz-que-pec-do-fim-da-escala-6x1-preve-jornada-de-40-horas-sem-corte-de-salario-e-transicao-de-um-ano.ghtml
"Extrema direita tenta 'calar' arte, ciência e professores por 'temer' a educação do povo, diz Lula",True,RSS oficial,https://g1.globo.com/politica/noticia/2026/05/25/extrema-direita-tenta-calar-arte-ciencia-e-professores-por-temer-a-educacao-do-povo-diz-lula.ghtml
Lula fará radioterapia para tratar câncer de pele; entenda o carcinoma basocelular,True,RSS oficial,https://g1.globo.com/saude/noticia/2026/05/25/carcinoma-basocelular-entenda-o-cancer-de-pele-retirado-por-lula.ghtml
Lula passa por procedimento de radioterapia no couro cabeludo,True,RSS oficial,https://g1.globo.com/politica/noticia/2026/05/25/lula-passa-por-procedimento-de-radioterapia-no-couro-cabeludo.ghtml
Aprovação e desaprovação de Lula voltam a empatar e resultado do Datafolha indica acerto nas medidas do 'pacote de bondades',True,RSS oficial,https://g1.globo.com/politica/blog/valdo-cruz/post/2026/05/25/aprovacao-e-desaprovacao-de-lula-voltam-a-empatar-e-resultado-do-datafolha-indica-acerto-nas-medidas-do-pacote-de-bondades.ghtml
Defesa de Vorcaro mira Segunda Turma do STF e vê julgamento do pai do banqueiro como estratégico,True,RSS oficial,https://g1.globo.com/politica/blog/andreia-sadi/post/2026/05/25/defesa-de-vorcaro-mira-segunda-turma-do-stf.ghtml
Brasil propõe pacto contra feminicídio ao Mercosul para combater violência contra as mulheres,True,RSS oficial,https://g1.globo.com/politica/noticia/2026/05/24/brasil-propoe-pacto-contra-feminicidio-ao-mercosul-para-combater-violencia-contra-as-mulheres.ghtml
Aprovação de projeto que prevê benefícios a partidos teve discursos de apenas quatro deputados e uniu governo e oposição,True,RSS oficial,https://g1.globo.com/politica/noticia/2026/05/24/aprovacao-de-projeto-que-preve-beneficios-a-partidos-teve-discursos-de-apenas-quatro-deputados-e-uniu-governo-e-oposicao.ghtml
"No RJ, Lula diz a governador para prender 'ladrões' e 'milicianos' que comandaram o estado",True,RSS oficial,https://g1.globo.com/politica/noticia/2026/05/23/no-rj-lula-diz-a-governador-para-trabalhar-para-prender-ladroes-e-milicianos-que-comandaram-o-estado.ghtml
Datafolha: 38% avaliam governo Lula como ruim ou péssimo; 32% como ótimo ou bom,True,RSS oficial,https://g1.globo.com/politica/eleicoes/2026/noticia/2026/05/23/datafolha-avaliam-governo-lula-como-ruim-ou-pessimo-como-otimo-ou-bom.ghtml
Segunda Turma do STF tem 2 votos para manter prisões de pai e primo de Vorcaro; Gilmar pediu vista,True,RSS oficial,https://g1.globo.com/politica/noticia/2026/05/23/stf-tem-2-votos-para-manter-prisoes-de-pai-e-primo-de-vorcaro-gilmar-pediu-vista.ghtml
"Combate ao crime, memes e visual: como governadores em busca de reeleição disputam atenção e votos nas redes sociais",True,RSS oficial,https://g1.globo.com/politica/eleicoes/2026/noticia/2026/05/23/combate-ao-crime-memes-e-visual-como-governadores-em-busca-de-reeleicao-disputam-atencao-e-votos-nas-redes-sociais.ghtml
Brasil tem quase 20 ‘presidentes da República’ ou vice com registro em carteira de trabalho,True,RSS oficial,https://g1.globo.com/trabalho-e-carreira/noticia/2026/05/23/brasil-tem-quase-20-presidentes-da-republica-ou-vice-com-registro-em-carteira-de-trabalho.ghtml
Cidadania propõe pré-candidatura de Aécio Neves à Presidência em federação com PSDB,True,RSS oficial,https://g1.globo.com/politica/eleicoes/2026/noticia/2026/05/22/cidadania-aecio-neves-pre-candidato.ghtml
Fim da escala 6x1: Lula diz que vai se reunir com Motta e afirma ser contra transição: 'É brincar de fazer redução',True,RSS oficial,https://g1.globo.com/politica/noticia/2026/05/22/fim-da-escala-6x1-lula-diz-que-vai-se-reunir-com-motta-na-segunda-e-afirma-ser-contra-transicao-e-brincar-de-fazer-reducao.ghtml
Entenda a condenação de Carla Zambelli no Brasil e pedido de extradição na Itália,True,RSS oficial,https://g1.globo.com/politica/noticia/2026/05/22/carla-zambelli-entenda-extraditacao-italia.ghtml
Análise: 'Dark Horse' pode ter transformado Flávio Bolsonaro em 'cavalo paraguaio' na corrida presidencial,True,RSS oficial,https://g1.globo.com/politica/blog/octavio-guedes/post/2026/05/22/analise-octavio-guedes-flavio-bolsonaro-dark-horse.ghtml
Datafolha aponta rejeição de 46% para Flávio Bolsonaro e 45% para Lula,True,RSS oficial,https://g1.globo.com/politica/eleicoes/2026/noticia/2026/05/22/datafolha-rejeicao-lula-flavio-maio.ghtml
"Datafolha: Lula tem 40%, e Flávio Bolsonaro, 31% das intenções de voto no 1º turno",True,RSS oficial,https://g1.globo.com/politica/eleicoes/2026/noticia/2026/05/22/datafolha-lula-tem-40percent-e-flavio-bolsonaro-31percent-das-intencoes-de-voto-no-1o-turno.ghtml
"Datafolha 2º turno: Lula tem 47% e Flávio Bolsonaro, 43%",True,RSS oficial,https://g1.globo.com/politica/eleicoes/2026/noticia/2026/05/22/datafolha-2o-turno-lula-flavio.ghtml
"Após subir impostos nos últimos anos, governo estima nível recorde para a arrecadação em 2026",True,RSS oficial,https://g1.globo.com/economia/noticia/2026/05/22/apos-subir-impostos-nos-ultimos-anos-governo-estima-nivel-recorde-para-a-arrecadacao-em-2026.ghtml
"Orçamento 2026: governo bloqueia R$ 22,1 bilhões após projetar gasto maior com BPC e benefícios previdenciários",True,RSS oficial,https://g1.globo.com/economia/noticia/2026/05/22/governo-anuncia-bloqueio-adicional-de-r-221-bilhoes-em-gastos-no-orcamento-de-2026.ghtml
Republicanos em MG cogita Cleitinho para disputa presidencial após desgaste de Flávio Bolsonaro,True,RSS oficial,https://g1.globo.com/mg/minas-gerais/eleicoes/2026/noticia/2026/05/21/republicanos-em-mg-cogita-cleitinho-para-disputa-presidencial-apos-desgaste-de-flavio-bolsonaro.ghtml
STF valida lei que destinou área de parque no Pará para construção da Ferrogrão,True,RSS oficial,https://g1.globo.com/politica/noticia/2026/05/21/stf-valida-lei-que-abre-espaco-para-receber-ferrograo.ghtml
"Parlamentares contrariam consultorias do Congresso, derrubam veto e liberam doações a municípios no período eleitoral",True,RSS oficial,https://g1.globo.com/politica/noticia/2026/05/21/parlamentares-contrariam-consultorias-do-congresso-derrubam-veto-e-liberam-doacoes-a-municipios-no-periodo-eleitoral.ghtml
Ala no Planalto defende indicação de ministra do STJ após rejeição de Messias para vaga no STF,True,RSS oficial,https://g1.globo.com/politica/blog/gerson-camarotti/post/2026/05/21/ala-no-planalto-defende-indicacao-de-ministra-do-stj-apos-rejeicao-de-messias-para-vaga-no-stf.ghtml
"Sem dinheiro, venezuelanos acampam às margens de rodovia na fronteira do Brasil: 'aqui pelo menos temos comida'",True,RSS oficial,https://g1.globo.com/rr/roraima/noticia/2018/07/26/sem-dinheiro-venezuelanos-acampam-as-margens-de-rodovia-na-fronteira-do-brasil-aqui-pelo-menos-temos-comida.ghtml
Ceará tem 66 municípios com emergência reconhecida pelo Governo Federal,True,RSS oficial,https://g1.globo.com/ce/ceara/noticia/2018/07/23/ceara-tem-66-municipios-com-emergencia-reconhecida-pelo-governo-federal.ghtml
PRE recomenda que igrejas não promovam propaganda eleitoral,True,RSS oficial,https://g1.globo.com/ma/maranhao/noticia/2018/07/23/pre-recomenda-que-igrejas-nao-promovam-propaganda-eleitoral-no-maranhao.ghtml
Suplente de vereador morto no dia da eleição foi vítima de vingança de facção; quatro são presos,True,RSS oficial,https://g1.globo.com/es/espirito-santo/norte-noroeste-es/noticia/2026/05/26/suplente-de-vereador-morto-no-dia-da-eleicao-foi-vitima-de-vinganca-de-faccao-quatro-sao-presos.ghtml
Rede Amazônica define datas de entrevistas com candidatos ao governo na eleição suplementar de Roraima,True,RSS oficial,https://g1.globo.com/rr/roraima/noticia/2026/05/26/rede-amazonica-define-datas-de-entrevistas-com-candidatos-ao-governo-na-eleicao-suplementar-de-roraima.ghtml
Distrito Federal aciona STF para derrubar entrave da União que pode impactar empréstimo de socorro ao BRB,True,RSS oficial,https://g1.globo.com/df/distrito-federal/noticia/2026/05/26/gdf-aciona-stf-para-derrubar-entrave-da-uniao-que-pode-impactar-emprestimo-de-socorro-ao-brb.ghtml
Atlas da Violência: Alagoas é o estado onde pessoas negras correm maior risco de serem assassinadas no Brasil,True,RSS oficial,https://g1.globo.com/al/alagoas/noticia/2026/05/26/atlas-da-violencia-pessoas-negras-tem-233-vezes-mais-risco-de-serem-assassinadas-em-alagoas.ghtml
"Ônibus escolar com estudantes tomba na TO-010 e um morre, diz governo",True,RSS oficial,https://g1.globo.com/to/tocantins/noticia/2026/05/26/onibus-escolar-com-estudantes-tomba-na-to-010-e-um-morre-diz-governo.ghtml
VÍDEO: jovem é picada por escorpião escondido em bicho de pelúcia em Votorantim,True,RSS oficial,https://g1.globo.com/sp/sorocaba-jundiai/noticia/2026/05/26/video-jovem-e-picada-por-escorpiao-escondido-em-bicho-de-pelucia-em-votorantim.ghtml
É #FAKE vídeo de Pelé fazendo 'profecia' sobre hexa para o Brasil e taça erguida por jogador do Santos; áudio foi criado com IA,True,RSS oficial,https://g1.globo.com/fato-ou-fake/noticia/2026/05/26/e-fake-video-de-pele-fazendo-profecia-sobre-hexa-para-o-brasil-e-taca-erguida-por-jogador-do-santos-audio-foi-criado-com-ia.ghtml
"Filho do ex-senador Marcos Freire, ele lutava contra um câncer e estava internado em Brasília",True,RSS oficial,https://www.camara.leg.br/noticias/1276297-morre-o-ex-deputado-federal-constituinte-luiz-freire-aos-69-anos/
Minirreforma eleitoral permite programa de recuperação fiscal para partidos políticos,True,RSS oficial,https://www.camara.leg.br/noticias/1274077-minirreforma-eleitoral-permite-programa-de-recuperacao-fiscal-para-partidos-politicos/
Câmara aprova minirreforma eleitoral que prevê mudanças na prestação de contas dos partidos,True,RSS oficial,https://www.camara.leg.br/noticias/1274035-camara-aprova-minirreforma-eleitoral-que-preve-mudancas-na-prestacao-de-contas-dos-partidos/
"'Câmara pelo Brasil' promove debates em capitais sobre escala 6x1, misoginia e MEI",True,RSS oficial,https://www.camara.leg.br/noticias/1271856-camara-pelo-brasil-promove-debates-em-capitais-sobre-escala-6x1-misoginia-e-mei/
Comissão aprova ampliação para 180 dias do prazo para transferência de domicílio eleitoral,True,RSS oficial,https://www.camara.leg.br/noticias/1267896-comissao-aprova-ampliacao-para-180-dias-do-prazo-para-transferencia-de-domicilio-eleitoral/
Presidente da Câmara diz que proposta tem apoio para ser votada ainda nesta semana no Plenário,True,RSS oficial,https://www.camara.leg.br/noticias/1276496-motta-afirma-que-aprovacao-da-pec-6x1-sera-a-maior-entrega-da-camara-para-a-classe-trabalhadora/
Presidente da Câmara discursou na abertura de evento sobre proteção da infância no Brasil,True,RSS oficial,https://www.camara.leg.br/noticias/1276258-motta-defende-agenda-de-combate-a-violencia-sexual-contra-criancas-e-adolescentes/
Senadores e governo ajustam projeto de financiamento para produtores rurais,True,RSS oficial,https://www12.senado.leg.br/noticias/materias/2026/05/26/senadores-e-governo-ajustam-projeto-de-financiamento-para-produtores-rurais
Hermes Klann defende regulamentação do ensino domiciliar no Brasil,True,RSS oficial,https://www12.senado.leg.br/noticias/materias/2026/05/26/hermes-klann-defende-regulamentacao-do-ensino-domiciliar-no-brasil
Girão critica condenação de casal por homeschooling e cobra votação de projeto,True,RSS oficial,https://www12.senado.leg.br/noticias/materias/2026/05/26/girao-critica-condenacao-de-casal-por-homeschooling-e-cobra-votacao-de-projeto
Lula diz que Brasil seria melhor sem mentiras e alerta para uso da IA,True,RSS oficial,https://agenciabrasil.ebc.com.br/politica/noticia/2026-05/lula-diz-que-brasil-seria-melhor-sem-mentiras-e-alerta-para-uso-da-ia
Governo publica MP que destina R$ 30 bi a taxistas e motoristas de app,True,RSS oficial,https://agenciabrasil.ebc.com.br/politica/noticia/2026-05/governo-publica-mp-que-destina-r-30-bi-taxistas-e-motoristas-de-app
Pedido de vista adia votação da PEC do fim da escala 6X1,True,RSS oficial,https://agenciabrasil.ebc.com.br/politica/noticia/2026-05/pedido-de-vista-adia-votacao-da-pec-do-fim-da-escala-6x1-0
Educação é instrumento de consciência e soberania para Brasil e África,True,RSS oficial,https://agenciabrasil.ebc.com.br/politica/noticia/2026-05/educacao-e-instrumento-de-consciencia-e-soberania-para-brasil-e-africa
Lula inicia radioterapia após retirada de lesão no couro cabeludo,True,RSS oficial,https://agenciabrasil.ebc.com.br/politica/noticia/2026-05/lula-inicia-radioterapia-apos-retirada-de-lesao-no-couro-cabeludo
