Claim,Source Name,Source URL,Verdict,Review Publication Date,Image URL,Tags
"Barroso pagou R$ 9 milhões a partidos para derrubar a PEC do Voto Impresso, comprou microchips de Taiwan com milhões de votos para Lula e destruiu cerca de 200 mil urnas que escondiam provas da fraude eleitoral de 2022",Aos Fatos,https://www.aosfatos.org/noticias/video-mentiras-atuacao-barroso-tse-alegar-fraude-em-2022/,falso,2025-08-11 07:00:00,https://encrypted-tbn0.gstatic.com/images?q=tbn:ANd9GcS_cIH6r_9H_m8HTmsB6XuCIlxl1U9qbR9SmXV9G4YICdFB88hS,"['Luís Roberto Barroso', 'Fraude', 'Fraude eleitoral', 'Votação', 'Eleição', 'Urna eleitoral', 'Luiz Inácio Lula da Silva', 'Comprovante de votação verificado pelo eleitor', 'Partido político']"
TSE vai destruir 195 mil urnas para esconder provas de fraude,Aos Fatos,https://www.aosfatos.org/noticias/tse-destruir-urnas-provas-fraude/,falso,2025-02-27 08:00:00,https://encrypted-tbn2.gstatic.com/images?q=tbn:ANd9GcQ2F_GgSDikyArnN_17ob9sdGUT-EdzmZDi-H97NUKzwkRx5ZhF,"['Urna eleitoral', 'Tribunal Superior Eleitoral', 'Fraude', 'Prova']"
Giuseppe Dutra Janino fraudou as urnas eletrônicas,Estadão,https://www.estadao.com.br/estadao-verifica/janino-fraude-urnas-barroso-tse-falso/,Falso,2024-05-03 07:00:00,https://encrypted-tbn3.gstatic.com/images?q=tbn:ANd9GcQQ4MjvwzHNv2HgO9X6OgNCNVOVdMAlPtfGuhCH0xLQdXb3Mbna,"['Giuseppe Janino', 'Urna eletrônica']"
Alexandre de Moraes confessou que houve fraude nas eleições,Aos Fatos,https://www.aosfatos.org/noticias/falso-moraes-houve-fraude-eleicoes-2022/,falso,2023-06-12 07:00:00,https://encrypted-tbn0.gstatic.com/images?q=tbn:ANd9GcQYbvbb_dTnas1o4KXrQ55tQJBJjeNf1lvwNKfJQRdHom2LNq76,"['Alexandre de Moraes', 'Fraude', 'Eleição']"
"Com 97,63% das urnas apuradas, Bolsonaro estava com 55,38% dos votos, enquanto Lula tinha somente 35,80%",Estadão,https://www.estadao.com.br/estadao-verifica/bolsonaro-55-lula-35-fraude-eleitoral-enganoso/,Enganoso,2024-10-05 07:00:00,https://encrypted-tbn1.gstatic.com/images?q=tbn:ANd9GcQ9w-VLrlKt84T1PJZwJpo1SrmowB9YrG7EH99cP7UjStN8WNHy,"['Jair Bolsonaro', 'Luiz Inácio Lula da Silva', 'Votação', 'Urna eleitoral', '1963', '1955']"
Servidor exonerado por Alexandre de Moraes denuncia fraude eleitoral em vídeo,Aos Fatos,https://www.aosfatos.org/noticias/falso-fraude-servidor-exonerado-do-tse/,falso,2022-11-24 08:00:00,https://encrypted-tbn3.gstatic.com/images?q=tbn:ANd9GcQDOrHWFF7tVrV28hu1bGY7fQGUWE3uOmmJthCffFvVJ5aDfxkj,"['Fraude', 'Exoneração', 'Denúncia', 'Eleição', 'Alexandre de Moraes', 'Vídeo', 'Fraude eleitoral']"
"""Fraude explícita. O TSE [Tribunal Superior Eleitoral do Brasil] cometeu uma ""falha"" e acabou a mostrar a vitória de Bolsonaro com 55% dos votos.""",Observador,https://observador.pt/factchecks/fact-check-video-que-mostra-bolsonaro-com-55-de-votos-prova-que-houve-fraude-nas-eleicoes-presidencais-brasileiras/,Errado,2023-04-27 07:00:00,https://encrypted-tbn3.gstatic.com/images?q=tbn:ANd9GcSPoSTekUtgc_77fQoKLZVgRXrfRC2VlIfGvKU-4cRTmZlv5x96,"['Jair Bolsonaro', 'Eleição', 'Votação', 'Tribunal Superior Eleitoral', 'Fraude', 'Brasil', '1955', 'Tribunal']"
Em 2019 a Globo noticiou que hackers numa convenção em Las Vegas hackearam urnas do modelo brasileiro em poucos minutos,Aos Fatos,https://www.aosfatos.org/noticias/influenciador-portugues-mentira-fraude-eleitoral-brasil-senado/,falso,2024-04-25 07:00:00,https://encrypted-tbn1.gstatic.com/images?q=tbn:ANd9GcQlhoBmW39BM588j_b5lF3yyfKsMmGo4OFSZeM76KCNgfVGZzKi,"['Urna eleitoral', 'Brasil', 'Hacker', 'O Globo', '2019']"
"Bolsonaro teve zero votos em urnas de modelos antigos, que não foram auditadas",Aos Fatos,https://www.aosfatos.org/noticias/influenciador-portugues-mentira-fraude-eleitoral-brasil-senado/,falso,2024-04-25 07:00:00,https://encrypted-tbn1.gstatic.com/images?q=tbn:ANd9GcQlhoBmW39BM588j_b5lF3yyfKsMmGo4OFSZeM76KCNgfVGZzKi,"['Votação', 'Urna eleitoral', 'Jair Bolsonaro']"
Vídeo mostra fraude eleitoral em Minas Gerais,Aos Fatos,https://www.aosfatos.org/noticias/boletins-de-urna-mostrados-em-video-nao-sao-de-mg-nem-provam-fraude/,falso,2022-10-10 07:00:00,https://encrypted-tbn1.gstatic.com/images?q=tbn:ANd9GcSmV-2EDni1OiKxYAX_8D5xWE1A1Z_mnWBpgeIlhxbkNUVEOlUO,"['Fraude', 'Fraude eleitoral', 'Eleição', 'Vídeo', 'Minas Gerais']"
"""URGENTE: A invasão hacker do TSE revela a fraude nas urnas com a chancela da justiça eleitoral. Os votos válidos e os de quem justifica estão em banco de dados diferentes. Eles podem descarregar os votos de quem vai justificar na esquerda""",Observador,https://observador.pt/factchecks/fact-check-hacker-portugues-que-fez-ataque-informatico-a-tribunal-brasileiro-revelou-fraude-nas-eleicoes/,Errado,2020-11-22 08:00:00,https://encrypted-tbn3.gstatic.com/images?q=tbn:ANd9GcSPoSTekUtgc_77fQoKLZVgRXrfRC2VlIfGvKU-4cRTmZlv5x96,"['Hacker', 'Fraude nas urnas eletrônicas', 'Eleição', 'Tribunal Superior Eleitoral', 'Votação', 'Urna eleitoral', 'Dados', 'Voto válido']"
TSE pode ser pego por fraude em terceirizações,Estadão,https://www.estadao.com.br/estadao-verifica/video-engana-ao-sugerir-fraude-em-terceirizacao-de-servicos-da-justica-eleitoral/,Enganoso,2023-06-22 07:00:00,https://encrypted-tbn0.gstatic.com/images?q=tbn:ANd9GcS20YHUe82in0dCjNsBK1EZ1fE1c7yBykBJTSAT379J8Noqbsvb,"['Tribunal Superior Eleitoral', 'Fraude', 'Terceirização']"
Peritos federais intervêm e provam fraude nas urnas em 2022,Aos Fatos,https://www.aosfatos.org/noticias/falso-peritos-federais-fraude-urnas-2022/,falso,2022-11-03 07:00:00,https://encrypted-tbn3.gstatic.com/images?q=tbn:ANd9GcTACy95YEbqHsySiRvIPHL9k6cxEV2RjUe1d3MItlnmG36gMChC,"['Fraude nas urnas eletrônicas', 'Urna eleitoral', '2022']"
"""Funcionária do TSE admitiu que sistema eleitoral brasileiro é uma fraude"".",Observador,https://observador.pt/factchecks/fact-check-funcionaria-do-tribunal-superior-eleitoral-do-brasil-relatou-fraude-do-sistema-eleitoral/,Errado,2022-08-29 07:00:00,https://encrypted-tbn3.gstatic.com/images?q=tbn:ANd9GcRs1pQQFe8kRHRGHEhbrHHqfYVgU1nYh50BEFlj_GoPHvbEoTPY,"['Sistema eleitoral do Brasil', 'Tribunal Superior Eleitoral', 'Fraude', 'Eleição', 'Funcionário']"
Descarte de 195 mil urnas eletrônicas é queima de arquivo,UOL Notícias,https://noticias.uol.com.br/confere/ultimas-noticias/2025/02/28/posts-distorcem-sobre-descarte-de-195-mil-urnas-pelo-tse.htm,Distorcido,2025-02-28 08:00:00,https://encrypted-tbn1.gstatic.com/images?q=tbn:ANd9GcSfYC-hU5KsYAiDiiO9vtn3_orxmwT6dfaD6Ecf3zgFuFyY0NJ3,"['Urna eleitoral', 'Urna eletrônica']"
"Eu ouvi a declaração do ministro José Múcio, da Defesa, no Roda Viva, há poucos meses, ele falando que o 8 de Janeiro não foi golpe. Também o ex-ministro Aldo Rebelo, a mesma coisa. Também o ex-ministro da Defesa, Nelson Jobim, a mesma coisa — que foi presidente do TSE, inclusive. Outras [pessoas]... José Sarney… todo mundo falando isso, respeitosamente.",Aos Fatos,https://www.aosfatos.org/noticias/no-stf-bolsonaro-mente-ao-responder-acusacoes-de-fraude-e-golpismo/,não_é_bem_assim,2025-06-10 07:00:00,https://encrypted-tbn0.gstatic.com/images?q=tbn:ANd9GcTtJfe5Q5m4K0MerercIal7vZboM6cACEou9CeDpdSLHc8K4DW2,"['Presidente', 'Tribunal Superior Eleitoral', 'Ministério da Defesa', 'Ministro', 'José Múcio', 'Nelson Jobim', 'Aldo Rebelo', 'José Sarney', 'Ataques de 8 de janeiro em Brasília']"
"Na semana seguinte ao segundo turno de 2018, foi instalado o inquérito 1361 para apurar inconsistências, fragilidade do sistema eleitoral.",Aos Fatos,https://www.aosfatos.org/noticias/no-stf-bolsonaro-mente-ao-responder-acusacoes-de-fraude-e-golpismo/,falso,2025-06-10 07:00:00,https://encrypted-tbn0.gstatic.com/images?q=tbn:ANd9GcTtJfe5Q5m4K0MerercIal7vZboM6cACEou9CeDpdSLHc8K4DW2,"['Eleição', 'Inquérito policial', '2018', 'Sistema eleitoral do Brasil', '1361', 'Semana']"
"Quando nós peticionamos o TSE sobre possíveis vulnerabilidades, no dia seguinte não foi acolhido, não se discute nada mais além disso, e nos surpreendeu uma multa de R$ 22 milhões. Essa multa nos abalou e, no nosso entendimento, se a gente viesse a recorrer da multa ou da petição a multa poderia ser agravada e outras coisas poderiam acontecer",Aos Fatos,https://www.aosfatos.org/noticias/no-stf-bolsonaro-mente-ao-responder-acusacoes-de-fraude-e-golpismo/,falso,2025-06-10 07:00:00,https://encrypted-tbn0.gstatic.com/images?q=tbn:ANd9GcTtJfe5Q5m4K0MerercIal7vZboM6cACEou9CeDpdSLHc8K4DW2,"['Tribunal Superior Eleitoral', 'Multa', '2022', 'Compreensão', 'Abaixo-assinado']"
"Aquelas 1.500 pessoas, pobres, coitadas, que até foi levantada por um dos que me antecederam agora há pouco aqui. Cem ônibus chegaram na região do setor ambiental urbano, na madrugada de domingo. E o pessoal foi embora logo depois da baderna e sobrou para quem estava acampado aqui. Quem realmente fez foi embora.",Aos Fatos,https://www.aosfatos.org/noticias/no-stf-bolsonaro-mente-ao-responder-acusacoes-de-fraude-e-golpismo/,falso,2025-06-10 07:00:00,https://encrypted-tbn0.gstatic.com/images?q=tbn:ANd9GcTtJfe5Q5m4K0MerercIal7vZboM6cACEou9CeDpdSLHc8K4DW2,"['Meio ambiente', 'Ônibus', 'Pobreza']"
"Daí eu convidei os embaixadores para mostrar o inquérito 1361, e com todo respeito, mesmo que seja um outro... Um outro foco, um inquérito, após a minha conversa com os embaixadores, no dia seguinte, ser classificado como confidencial, a gente fica um pouco surpreso com isso",Aos Fatos,https://www.aosfatos.org/noticias/no-stf-bolsonaro-mente-ao-responder-acusacoes-de-fraude-e-golpismo/,falso,2025-06-10 07:00:00,https://encrypted-tbn0.gstatic.com/images?q=tbn:ANd9GcTtJfe5Q5m4K0MerercIal7vZboM6cACEou9CeDpdSLHc8K4DW2,"['1361', 'Inquérito policial', 'Embaixador']"
"O outro lado podia tudo, até acusar de genocida",Aos Fatos,https://www.aosfatos.org/noticias/no-stf-bolsonaro-mente-ao-responder-acusacoes-de-fraude-e-golpismo/,falso,2025-06-10 07:00:00,https://encrypted-tbn0.gstatic.com/images?q=tbn:ANd9GcTtJfe5Q5m4K0MerercIal7vZboM6cACEou9CeDpdSLHc8K4DW2,"['Oferecimento de denúncia', 'Genocídio']"
Conversa entre Alexandre de Moraes e engenheiro da Oracle confirma que houve fraude nas urnas,Estadão,https://www.estadao.com.br/estadao-verifica/alexandre-moraes-engenheiro-oracle-urnas-eletronicas/,Falso,2024-09-20 07:00:00,https://encrypted-tbn3.gstatic.com/images?q=tbn:ANd9GcTDbSYZxROIOH1z3po2epCCoumb5sX414NiufxDvZ2c8R0vCyrw,"['Alexandre de Moraes', 'Fraude nas urnas eletrônicas', 'Urna eleitoral', 'Oracle Corporation']"
"Vídeo com trecho de diálogo entre os ministros do Tribunal Superior Eleitoral Alexandre de Moraes e Raul Araújo Filho, durante um julgamento na Corte. O conteúdo traz uma frase em que Moraes cita entender “que houve fraude”. Neste momento, uma locução sobrepõe a fala de Moraes: “ele assume que teve fraude”. O vídeo contém ainda as seguintes frases: “Olha aí a casa ‘caído’. Julgamento no caso das eleições”, dando a entender que Alexandre de Moraes estivesse fazendo alusão a uma suposta fraude nas urnas eletrônicas.",Folha - UOL,https://www1.folha.uol.com.br/poder/2023/11/video-engana-ao-sugerir-que-alexandre-de-moraes-admitiu-fraude-nas-eleicoes.shtml,Enganoso,2023-11-28 08:00:00,https://encrypted-tbn1.gstatic.com/images?q=tbn:ANd9GcTkIBCQWPEbTDPaGMbgeNapVjitXU-9mtjVZOxZ9ssIeRn-r-jb,"['Alexandre de Moraes', 'Fraude nas urnas eletrônicas', 'Eleição', 'Tribunal Superior Eleitoral', 'Ministro', 'Raul Araújo', 'Tribunal']"
sso é grave. Ministro Cássio Nunes lê texto que revela as fr4ld3s. Explica isso TSE. Urnas adulteradas ou fraudadas,UOL Notícias,https://noticias.uol.com.br/confere/ultimas-noticias/2023/07/14/nunes-marques-nao-apontou-fraude-em-urnas-video-distorce-fala-do-ministro.htm,Distorcido,2023-07-14 07:00:00,https://encrypted-tbn2.gstatic.com/images?q=tbn:ANd9GcRT3qmowjXuVxllKqdJTt3N2vjWz3rREOMchIgVDA6smhKYmrGU,"['Nunes Marques', 'Urna eleitoral', 'Tribunal Superior Eleitoral', 'Ministro', 'Texto']"
"Bolsonaro diz, em 2024, ter provas que foi eleito no 1º turno",Aos Fatos,https://www.aosfatos.org/noticias/falso-video-bolsonaro-fraude-eleitoral/,falso,2024-04-29 07:00:00,https://encrypted-tbn3.gstatic.com/images?q=tbn:ANd9GcTJKuMtTj814To6wr0mTs2-wowyGZ3Jgl0jYKxcOO97nHgmHeuk,"['Jair Bolsonaro', 'Eleição', '2024']"
TSE destruiu 200 mil urnas para apagar rastros de fraude e enterrar chances de autoria nas eleições,Estadão,https://www.estadao.com.br/estadao-verifica/tse-detona-200-mil-urnas-para-apagar-rastro-fraude-enganoso/,Enganoso,2025-03-12 07:00:00,https://encrypted-tbn3.gstatic.com/images?q=tbn:ANd9GcRL6dWo2X-Lk0houLLDXWQAvWSkSJUODpxb6ihgLnhRyjx2zC6j,"['Urna eleitoral', 'Tribunal Superior Eleitoral', 'Eleição', 'Fraude']"
Vídeo mostra passo a passo para fraudar urna eletrônica,Aos Fatos,https://www.aosfatos.org/noticias/procedimento-mostrado-em-video-nao-e-capaz-de-fraudar-urnas-eletronicas-do-tse/,falso,2020-11-18 08:00:00,,"['Urna eleitoral', 'Fraude nas urnas eletrônicas', 'Fraude', 'Máquina de votação', 'Vídeo', 'Eletrônica']"
Presidente Bolsonaro tem provas sobre a insegurança das urnas eletrônicas. Hacker teve acesso ao código-fonte das urnas e milhares ou milhões de votos foram adulterados em 2018,Projeto Comprova,https://projetocomprova.com.br/publica%C3%A7%C3%B5es/inquerito-da-pf-nao-investiga-fraude-no-processo-de-votacao/,"ENGANOSO: A PF não concluiu que houve invasão às urnas ou fraude no sistema de votação. O ataque hacker ao TSE só atingiu o sistema interno do Tribunal, sem comprometer as eleições.",2021-08-13 07:00:00,https://encrypted-tbn0.gstatic.com/images?q=tbn:ANd9GcQUZogZJ7Vm0eEN3xwtDJ6jGL3uy43PWrCfptLKkccB0m8uDYlz,"['Votação', 'Jair Bolsonaro', 'Urna eleitoral', 'Presidente', 'Urna eletrônica', 'Código-fonte', '2018', 'Eletrônica', 'Hacker', 'Prova']"
Ele admite que teve fraude,UOL Notícias,https://noticias.uol.com.br/confere/ultimas-noticias/2023/06/13/alexandre-de-moraes-nao-admitiu-fraude-nas-eleicoes-de-2022.htm,Insustentável,2023-06-13 07:00:00,https://encrypted-tbn0.gstatic.com/images?q=tbn:ANd9GcSOfaVlXaorwbUrx3PJAhMDyVrnGLVf1tudsnTtcAtY2TblU-t5,['Fraude']
Demonstração mostra possíveis fraudes em urnas eletrônicas,Aos Fatos,https://www.aosfatos.org/noticias/video-mostra-simulacao-de-fraude-em-urna-diferente-da-usada-no-brasil/,não_é_bem_assim,2022-08-01 07:00:00,https://encrypted-tbn3.gstatic.com/images?q=tbn:ANd9GcSpuOxiCatoIXSwnB1M-DkcGj2nq0Yx83R3XFIWr7kfTQzK0AkQ,"['Urna eletrônica', 'Fraude']"
Comandante do Exército cobra contraprovas do TSE sobre fraude nas urnas,UOL Notícias,https://noticias.uol.com.br/confere/ultimas-noticias/2022/11/04/e-falso-oficio-com-nome-do-comandante-do-exercito-ao-tse-sobre-fraude.htm,Falso,2022-11-04 07:00:00,https://encrypted-tbn3.gstatic.com/images?q=tbn:ANd9GcTMrBvmCf0tc-ai5uLc3yE9p6VficT4kgCjF1UKDvSj9ttZAj7s,"['Tribunal Superior Eleitoral', 'Fraude', 'Exército', 'Comandante', 'Fraude nas urnas eletrônicas']"
Momento em que a apuração saltou de 3% para 98% em São Paulo comprova fraude,Aos Fatos,https://www.aosfatos.org/noticias/salto-urnas-apuradas-transmissao-falha-tecnica-nao-comprova-fraude/,falso,2024-10-08 07:00:00,https://encrypted-tbn0.gstatic.com/images?q=tbn:ANd9GcSGQeL38gVz7P7qOn7YmO7NBa42dm7opd223OR2aXhJGWW4mw3Q,"['Fraude', 'São Paulo']"
"Em ofício, ministro da Defesa dá 72 horas para Alexandre de Moraes explicar fraude eleitoral",Aos Fatos,https://www.aosfatos.org/noticias/stm-e-defesa-nao-provaram-fraude-eleitoral-nem-intimaram-moraes/,falso,2022-11-04 07:00:00,https://encrypted-tbn2.gstatic.com/images?q=tbn:ANd9GcQY6mSUpGKHEjixCoLQ77vtXyCKKJq91pGNM5MNOtv2ydAkvJLA,"['Fraude eleitoral', 'Alexandre de Moraes', 'Fraude', 'Eleição', 'Ministro', 'Ministério da Defesa']"
STM dá 72 horas para Alexandre de Moraes explicar fraude eleitoral,Aos Fatos,https://www.aosfatos.org/noticias/stm-e-defesa-nao-provaram-fraude-eleitoral-nem-intimaram-moraes/,falso,2022-11-04 07:00:00,https://encrypted-tbn2.gstatic.com/images?q=tbn:ANd9GcQY6mSUpGKHEjixCoLQ77vtXyCKKJq91pGNM5MNOtv2ydAkvJLA,"['Fraude eleitoral', 'Fraude', 'Alexandre de Moraes', 'Superior Tribunal Militar', 'Eleição']"
"Foram anulados 7,2 milhões de votos, que levariam à vitória de Bolsonaro no primeiro turno",Aos Fatos,https://www.aosfatos.org/noticias/os-72-milhoes-de-votos-nulos-nao-significam-que-houve-fraude-nas-urnas/,falso,2018-10-11 07:00:00,,"['Votação', 'Jair Bolsonaro']"
"Com 0,39% das urnas apuradas [nas eleições municipais de São Paulo], o sistema travou. (...) Quando o sistema voltou a funcionar lá na frente, já com quase 100% [do resultado eleitoral] apurado, a ordem dos candidatos permaneceu exatamente a mesma.",Aos Fatos,https://www.aosfatos.org/noticias/bolsonaro-promete-provas-de-fraude-mas-apresenta-alegacoes-ja-desmentidas-sobre-urnas-eletronicas/,falso,2021-07-29 07:00:00,,"['Urna eleitoral', 'Eleição', 'Sistema', 'Candidato', 'São Paulo', 'Resultado', 'Eleições municipais no Brasil']"
"Mas a tecnologia da mesma [urna eletrônica], a sua segurança, quase nada mudou de lá [dos anos 1990] para cá.",Aos Fatos,https://www.aosfatos.org/noticias/bolsonaro-promete-provas-de-fraude-mas-apresenta-alegacoes-ja-desmentidas-sobre-urnas-eletronicas/,falso,2021-07-29 07:00:00,,"['Urna eleitoral', 'Tecnologia', 'Máquina de votação', 'Eletrônica', '1990']"
"Eleitores colocavam 17 na urna e aparecia nulo ou automaticamente 13. E quem queria votar 13, não aparecia 17 nem nulo",Aos Fatos,https://www.aosfatos.org/noticias/bolsonaro-promete-provas-de-fraude-mas-apresenta-alegacoes-ja-desmentidas-sobre-urnas-eletronicas/,falso,2021-07-29 07:00:00,,"['Urna eleitoral', 'Eleição', 'Votação', 'Voto nulo']"
"Em 4 horas de apuração [do segundo turno das eleições de 2014], 240 minutos [Dilma e Aécio se intercalaram na primeira posição], 240 vezes",Aos Fatos,https://www.aosfatos.org/noticias/bolsonaro-promete-provas-de-fraude-mas-apresenta-alegacoes-ja-desmentidas-sobre-urnas-eletronicas/,falso,2021-07-29 07:00:00,,"['Eleição', 'Dilma Rousseff', 'Aécio Neves', 'Eleições gerais no Brasil em 2014', 'Posição', '2014']"
"Agora, quem não quer mudar o sistema é porque tem certeza que o voto não auditável servirá para eleger quem não tem voto",Aos Fatos,https://www.aosfatos.org/noticias/bolsonaro-promete-provas-de-fraude-mas-apresenta-alegacoes-ja-desmentidas-sobre-urnas-eletronicas/,falso,2021-07-29 07:00:00,,"['Votação', 'Sistema']"
Relatório do PL dá xeque-mate no TSE? O que estão esperando pra tirar esse governo impostor?,AFP Checamos,https://checamos.afp.com/doc.afp.com.34FH674,Falso,2024-01-17 08:00:00,https://encrypted-tbn0.gstatic.com/images?q=tbn:ANd9GcTJOHn1mUubKfruYaeFsKakjTZekeohFX34FwBbKVUU4EhL6_EO,"['Partido Liberal', 'Relatório', 'Tribunal Superior Eleitoral', 'Governo']"
"Em vídeo postado no Facebook pelo portal britânico MW3.News, uma narração em voice-over acusa o presidente do Tribunal Superior Eleitoral (TSE), ministro Alexandre de Moraes, de ter instaurado uma “ditadura” no Brasil e forçado os cidadãos a aceitar a vitória de Lula nas eleições presidenciais de 2022. A gravação alega haver um conluio entre Moraes, Lula e uma organização criminosa internacional. O conteúdo diz também ter havido fraudes no pleito presidencial e que Moraes determinou a prisão de todos os indígenas que o critiquem. O vídeo mostra cenas dos atos de violência cometidos por bolsonaristas em Brasília, em 12 de dezembro, e os atribui a extremistas de esquerda infiltrados nos protestos de aliados do presidente Jair Bolsonaro (PL).",Folha - UOL,https://www1.folha.uol.com.br/poder/2022/12/video-dissemina-mentiras-sobre-alexandre-de-moraes-fraudes-nas-eleicoes-e-prisao-de-indigenas.shtml,Falso,2022-12-20 08:00:00,https://encrypted-tbn1.gstatic.com/images?q=tbn:ANd9GcRKo6N2USKWYQpLdXY1vg4na7egFp-i4MmZ4FAeN-LON6cLtg8p,"['Alexandre de Moraes', 'Eleição', 'Presidente', 'Luiz Inácio Lula da Silva']"
Alexandre de Moraes assume que teve fraude nas eleições presidenciais de 2022,UOL Notícias,https://noticias.uol.com.br/comprova/ultimas-noticias/2023/11/23/video-engana-ao-sugerir-que-moraes-admitiu-fraude-nas-eleicoes.htm,Enganoso,2023-11-23 08:00:00,https://encrypted-tbn2.gstatic.com/images?q=tbn:ANd9GcS4qUL22W7g2Oz3KHW8t975cbhRC_23Xi0gZ3l7UssrYpr14d65,"['Alexandre de Moraes', 'Fraude', 'Eleição', 'Presidente', 'Eleições presidenciais', '2022', 'Eleições presidenciais brasileiras, 2022']"
Empresa Diebold foi multada nos EUA por fraudar a programação de urnas eletrônicas,Projeto Comprova,https://projetocomprova.com.br/publica%C3%A7%C3%B5es/empresa-foi-multada-por-pagar-propinas-nao-por-fraudar-urnas-eletronicas/,"ENGANOSO: Penalidades à empresa Diebold não envolvem as urnas eletrônicas usadas no Brasil, mas sim irregularidades em contratos em outros países",2022-02-15 08:00:00,,"['Urna eletrônica', 'Fraude', 'Multa', 'Eletrônica', 'Estados Unidos', 'Diebold', 'Negócios']"
Alexandre de Moraes admitiu que 'houve fraude' nas eleições de 2022,Estadão,https://www.estadao.com.br/estadao-verifica/alexandre-de-moraes-nao-admitiu-fraude-nas-eleicoes-2022-video-viral-e-sobre-cota-de-genero/,Enganoso,2023-06-15 07:00:00,https://encrypted-tbn2.gstatic.com/images?q=tbn:ANd9GcTNOK4i6TeTKhLrnNBvoR24iLveaITiCuPj4ANNcPnMA248Ft0B,"['Alexandre de Moraes', 'Fraude', 'Eleição', '2022', 'Eleições presidenciais brasileiras, 2022']"
STM cobra explicações de Moraes após fraude constatada pelo Exército,UOL Notícias,https://noticias.uol.com.br/confere/ultimas-noticias/2022/11/03/stm-fraude-moraes-falso.htm,Falso,2022-11-03 07:00:00,https://encrypted-tbn0.gstatic.com/images?q=tbn:ANd9GcRxl9eThwQ7aYab_1T18HUi_cGYME9iRg8g1t2a9DJyy3BtXkHj,"['Alexandre de Moraes', 'Fraude', 'Superior Tribunal Militar', 'Exército']"
Policiais militares encontraram urna eletrônica fraudada no Distrito Federal,Aos Fatos,https://www.aosfatos.org/noticias/e-falso-que-policiais-militares-encontraram-urna-eletronica-fraudada-no-distrito-federal/,falso,2020-10-23 07:00:00,,"['Fraude', 'Máquina de votação', 'Urna eleitoral', 'Polícia', 'Forças armadas', 'Polícia militar', 'Brasília', 'Eletrônica']"
General Paulo Sérgio diz em entrevista que houve fraude nas eleições,Aos Fatos,https://www.aosfatos.org/noticias/video-nao-mostra-ministro-da-defesa-dizendo-que-houve-fraude-na-eleicao/,falso,2022-11-03 07:00:00,https://encrypted-tbn1.gstatic.com/images?q=tbn:ANd9GcRJwDbNGYlz_coDbSISO4lTXshwsrVxfFRISKBqIpz6jQ_EzQ5-,"['Paulo Sérgio Nogueira de Oliveira', 'Eleição', 'Entrevista', 'Fraude', 'General']"
Fraude nas urnas.,Aos Fatos,https://www.aosfatos.org/noticias/video-nao-mostra-fraude-mas-defeito-em-urna-que-foi-substituida-em-petropolis-rj/,não_é_bem_assim,2022-10-04 07:00:00,https://encrypted-tbn3.gstatic.com/images?q=tbn:ANd9GcTEw9vsEqFgw9eCbgPiPNrvDlutBN2ae-agfrvAThnOo5lR2dUB,"['Urna eleitoral', 'Fraude nas urnas eletrônicas']"
